Id,Type,Name,Year,Debut,Entries,Mean,StdDev,AvgMean,AvgStdDev,Bike,Series
2,Rider,Maverick Viñales,2012,1,15,33.85604054365359,1.9330352532595017,36.67353950958603,3.6562482313690943,FTR Honda [2012],Moto3
2,Rider,Maverick Viñales,2013,0,17,35.585328063255396,1.3620160906338337,35.274592635601934,1.6183533329317639,KTM [2013],Moto3
1,Bike,FTR Honda [2012],2012,1,17,26.576094265487974,1.7092949179385823,26.51828349132919,3.3116988734454402,,Moto3
3,Rider,Romano Fenati,2012,1,17,28.605035268288745,1.7117087078214228,30.37148409826391,3.392181647836205,FTR Honda [2012],Moto3
3,Rider,Romano Fenati,2013,0,16,28.847903128279604,1.231238668056624,28.488918776746328,1.4438255144164176,FTR Honda [2013],Moto3
3,Rider,Romano Fenati,2014,0,18,28.038333997069973,1.0273988245816357,28.94740009783385,1.129135541944869,KTM [2014],Moto3
3,Rider,Romano Fenati,2015,0,18,28.40037261214977,0.9158736876806862,28.487462301736382,0.9721428180536442,KTM RC 250 GP [2015],Moto3
3,Rider,Romano Fenati,2016,0,9,28.043302428255892,0.8898351527397514,28.339197161683494,0.9051361531688868,KTM RC 250 GP [2016],Moto3
3,Rider,Romano Fenati,2017,0,15,28.27614666014119,0.8528930990972925,28.18488949561092,0.8736017526960766,Honda NSF250RW [2017],Moto3
3,Rider,Romano Fenati,2019,0,16,25.998458370615474,0.8193661461754981,27.09090054121198,0.83849645638094,Honda NSF250RW [2019],Moto3
3,Rider,Romano Fenati,2020,0,15,25.60632395585568,0.8008293124887326,25.829457460892915,0.8140760844470045,Husqvarna FR 250 GP [2020],Moto3
3,Rider,Romano Fenati,2021,0,18,25.620364729790754,0.7840122955189368,25.745565095365563,0.7958204881850981,Husqvarna FR 250 GP [2021],Moto3
3,Rider,Romano Fenati,2023,0,12,24.567707696993583,0.7767141839473176,25.068677958751696,0.7831874049221645,Honda NSF250RW [2023],Moto3
5,Rider,Sandro Cortese,2012,1,17,39.65890221214856,1.9073765503179607,38.45638911019627,3.4643485228594035,KTM [2012],Moto3
4,Bike,KTM [2012],2012,1,17,28.933088525738885,1.749455500506919,28.269278215465523,3.321867397922781,,Moto3
7,Rider,Luis Salom,2012,1,17,32.56874211407926,1.770377171484551,34.018119824581944,3.368889953393109,Kalex KTM [2012],Moto3
7,Rider,Luis Salom,2013,0,17,33.71668470176611,1.3092583852810917,34.483561532881154,1.5270862082216983,KTM [2013],Moto3
6,Bike,Kalex KTM [2012],2012,1,17,27.691265645264526,1.7443005225753643,27.41902814928404,3.2952953517656285,,Moto3
9,Rider,Miguel Oliveira,2012,1,17,27.955496465339454,1.6998354258428592,26.09464452829149,3.2719015000432012,Suter Honda [2012],Moto3
9,Rider,Miguel Oliveira,2013,0,17,29.36856638604272,1.222961250116182,28.752853950369637,1.4354043720476446,Mahindra MGP3O [2013],Moto3
9,Rider,Miguel Oliveira,2014,0,17,29.113071911607758,1.017999249777844,29.492821221276177,1.1153286347754072,Mahindra MGP3O [2014],Moto3
9,Rider,Miguel Oliveira,2015,0,17,30.587742071943783,0.9290244857770729,29.60737283443919,0.9711783414156104,KTM RC 250 GP [2015],Moto3
8,Bike,Suter Honda [2012],2012,1,17,27.389570055653543,1.7089082328301672,27.105175500056717,3.309977599541361,,Moto3
10,Rider,Zulfahmi Khairuddin,2012,1,17,26.977476907929365,1.7097428284248013,28.230869894704878,3.284490214275879,KTM [2012],Moto3
10,Rider,Zulfahmi Khairuddin,2013,0,16,23.591766217948376,1.2386029395339966,25.501393781244722,1.4528103228544802,KTM [2013],Moto3
10,Rider,Zulfahmi Khairuddin,2014,0,18,22.02099161533002,1.0150852719561294,22.851242366689537,1.120902266488721,Honda [2014],Moto3
10,Rider,Zulfahmi Khairuddin,2015,0,18,21.075344808045756,0.9039620756544974,21.418703362139944,0.9590982005658899,KTM RC 250 GP [2015],Moto3
11,Rider,Arthur Sissis,2012,1,17,25.724968066669458,1.6900639075852502,25.535917964575933,3.2655050412102384,KTM [2012],Moto3
11,Rider,Arthur Sissis,2013,0,17,23.15823171245128,1.2113936548408863,24.677985996692495,1.4275184259415095,KTM [2013],Moto3
11,Rider,Arthur Sissis,2014,0,10,22.700748837584314,1.0812896172929445,22.849197401539655,1.1416334400709969,Mahindra MGP3O [2014],Moto3
12,Rider,Danny Kent,2012,1,17,30.04578007355291,1.7316073341060783,26.77869998037886,3.269708896427635,KTM [2012],Moto3
12,Rider,Danny Kent,2014,0,18,29.699508248166698,1.2025153432364863,29.556661474595842,1.4334160347654752,Husqvarna [2014],Moto3
12,Rider,Danny Kent,2015,0,18,29.944638588216655,1.0204060731028826,30.630233820832952,1.1144914934638404,Honda NSF250RW [2015],Moto3
13,Rider,Louis Rossi,2012,1,17,24.15956000133832,1.7001849819871928,25.135890025236403,3.2915162131810853,FTR Honda [2012],Moto3
14,Rider,Álex Rins,2012,1,17,30.031874554655115,1.7065678710917962,28.878759765552722,3.298963419801416,Suter Honda [2012],Moto3
14,Rider,Álex Rins,2013,0,17,32.84565156608073,1.2838835527533752,31.825908772469553,1.4762615824837508,KTM [2013],Moto3
14,Rider,Álex Rins,2014,0,18,32.0429958828457,1.0545580566879436,32.30572745581163,1.162385440412279,Honda [2014],Moto3
16,Rider,Alan Techer,2012,1,16,25.23177372243842,1.7270399866004191,26.408344687188787,3.3212949985792406,TSR Honda [2012],Moto3
16,Rider,Alan Techer,2013,0,15,24.947113354297578,1.2526012596370288,24.960695125049607,1.4629291479767106,TSR Honda [2013],Moto3
15,Bike,TSR Honda [2012],2012,1,17,23.170072552901154,1.6749616172498618,23.71829732890453,3.244857190578281,,Moto3
17,Rider,Héctor Faubel,2012,1,12,28.30962012692918,2.052838595184267,27.249247569230892,3.695953059530149,FTR Honda [2012],Moto3
18,Rider,Niklas Ajo,2012,1,15,22.730100218767156,1.7749216494211317,22.77755974260361,3.3536506985364922,KTM [2012],Moto3
18,Rider,Niklas Ajo,2013,0,17,20.596174339636015,1.2392712817097555,21.66782024477462,1.4784222833266378,KTM [2013],Moto3
18,Rider,Niklas Ajo,2014,0,17,20.799303971791446,1.0256476005806054,21.062917219096093,1.1276449684966032,Husqvarna [2014],Moto3
18,Rider,Niklas Ajo,2015,0,10,21.082742122820527,0.9615534976535144,20.97675128798054,0.9945909191515191,KTM RC 250 GP [2015],Moto3
19,Rider,Alberto Moncayo,2012,1,16,23.92935854374662,1.7444003509076489,26.03627363039269,3.3490428456907413,FTR Honda [2012],Moto3
20,Rider,Jakub Kornfeil,2012,1,17,27.696199181341594,1.6822822021342203,26.54287101453897,3.2529820119294466,FTR Honda [2012],Moto3
20,Rider,Jakub Kornfeil,2013,0,17,26.857399289281442,1.2113306203637861,27.21053090167061,1.425756256068832,Kalex KTM [2013],Moto3
20,Rider,Jakub Kornfeil,2014,0,18,26.106239990584836,1.0071872625040679,26.46106063028879,1.1052796729791863,KTM [2014],Moto3
20,Rider,Jakub Kornfeil,2015,0,18,25.81934348634186,0.901722863777669,25.674193425695556,0.9538478380198565,KTM RC 250 GP [2015],Moto3
20,Rider,Jakub Kornfeil,2016,0,18,25.057049843347656,0.8432234875398523,25.491878770039037,0.8743268364044973,Honda NSF250RW [2016],Moto3
20,Rider,Jakub Kornfeil,2017,0,15,25.07587568983802,0.8148523770492775,24.995766669152662,0.8319878915930844,Peugeot MGP3O [2017],Moto3
20,Rider,Jakub Kornfeil,2018,0,18,25.016141295987918,0.789477340278835,25.153979049208473,0.8051139220765,KTM RC 250 GP [2018],Moto3
20,Rider,Jakub Kornfeil,2019,0,19,24.212391156524156,0.7719856041040826,24.6855011172721,0.784085490516101,KTM RC 250 GP [2019],Moto3
22,Rider,Efrén Vázquez,2012,1,16,27.66422688610345,1.7330733873176813,26.922372156559483,3.3184602105128804,FTR Honda [2012],Moto3
22,Rider,Efrén Vázquez,2013,0,15,26.913225889627792,1.2566194521315526,27.485005784665887,1.4698545940030077,Mahindra MGP3O [2013],Moto3
22,Rider,Efrén Vázquez,2014,0,18,28.18927101073395,1.0374896429860054,27.729191695088304,1.1405253809669857,Honda [2014],Moto3
22,Rider,Efrén Vázquez,2015,0,18,26.669058511426158,0.9230441198537874,27.67802547746904,0.9808251094112701,Honda NSF250RW [2015],Moto3
21,Bike,Honda [2012],2012,1,17,25.50490015002322,1.82478712113349,26.228751509591415,3.3633024344289977,,Moto3
23,Rider,Niccolò Antonelli,2012,1,16,26.805585181059875,1.7489965750443237,27.655068455606198,3.3531053102495103,FTR Honda [2012],Moto3
23,Rider,Niccolò Antonelli,2013,0,16,25.849557631621455,1.2419861068758296,25.81196685789721,1.4657949655346132,FTR Honda [2013],Moto3
23,Rider,Niccolò Antonelli,2014,0,18,24.167623159283316,1.0213194412603117,24.138531746966347,1.1265638039727919,KTM [2014],Moto3
23,Rider,Niccolò Antonelli,2015,0,18,25.000680045314514,0.9150014462778873,24.384467004278047,0.967611161854046,Honda NSF250RW [2015],Moto3
23,Rider,Niccolò Antonelli,2016,0,17,23.941573678295306,0.8533547619080817,24.532057322727624,0.8868560326953204,Honda NSF250RW [2016],Moto3
23,Rider,Niccolò Antonelli,2017,0,13,23.02266832945447,0.8243826763941051,23.45664397697481,0.841007834557044,KTM RC 250 GP [2017],Moto3
23,Rider,Niccolò Antonelli,2018,0,16,21.969608858665897,0.7986935162127862,22.564407169482653,0.8143675572026414,Honda NSF250RW [2018],Moto3
23,Rider,Niccolò Antonelli,2019,0,15,22.140423849982426,0.7847166023459323,22.18677099154601,0.7951703861033314,Honda NSF250RW [2019],Moto3
23,Rider,Niccolò Antonelli,2020,0,14,21.385937687357632,0.7748360700960794,21.840064620292832,0.7827360669403152,Honda NSF250RW [2020],Moto3
23,Rider,Niccolò Antonelli,2021,0,16,21.566321721820785,0.7679458593694473,21.42580426056051,0.7745922660510542,KTM RC 250 GP [2021],Moto3
25,Rider,Daniel Webb,2012,1,14,21.589068680182294,1.8732577214703456,21.848035994821185,3.481893529376391,Mahindra MGP3O [2012],Moto3
25,Rider,Daniel Webb,2013,0,6,20.241183339091304,1.6064131969828965,21.424115970229327,1.7288396167904778,Suter Honda [2013],Moto3
25,Rider,Daniel Webb,2016,0,2,20.150361964886415,1.5216071170684589,20.157157146340012,1.542207840754371,Mahindra MGP3O [2016],Moto3
24,Bike,Mahindra MGP3O [2012],2012,1,17,21.033333154513286,1.7976597695701573,21.58518917173108,3.288409147031389,,Moto3
26,Rider,Iván Moreno,2012,1,9,20.468524286750533,2.440601633416164,22.64050897137886,4.0797500302145355,FTR Honda [2012],Moto3
27,Rider,Adrián Martín,2012,1,16,21.335725486082,1.7343192278374355,20.438392779961934,3.3243330588593136,FTR Honda [2012],Moto3
28,Rider,Kenta Fujii,2012,1,17,21.142757853523587,1.6743777049335975,21.04776620529531,3.240708258294647,TSR Honda [2012],Moto3
30,Rider,Simone Grotzkyj Giorgi,2012,1,8,21.305139963525644,2.541361801036782,21.186197010782905,4.168173495378773,Suter Honda [2012],Moto3
29,Bike,Oral [2012],2012,1,3,19.931638820668347,4.642791359336097,21.296869766573312,5.60913511668954,,Moto3
32,Rider,Toni Finsterbusch,2012,1,15,20.25678536245734,1.7846058923790387,21.41833388906327,3.4181293524594736,Honda [2012],Moto3
32,Rider,Toni Finsterbusch,2013,0,17,19.125846502046084,1.241450224111298,19.49144970136863,1.4852598854802896,Kalex KTM [2013],Moto3
34,Rider,Jasper Iwema,2012,1,13,21.945113828462283,1.9562404492369496,22.948734878291894,3.5842855488121237,FGR Honda [2012],Moto3
34,Rider,Jasper Iwema,2013,0,16,20.94552573570631,1.3022011454864546,21.564891605187743,1.5831446166549368,Kalex KTM [2013],Moto3
34,Rider,Jasper Iwema,2014,0,7,21.041774210738183,1.1775446051689098,21.000528955927745,1.237328014816019,Mahindra MGP3O [2014],Moto3
33,Bike,FGR Honda [2012],2012,1,16,22.77311000680902,1.7754810299353114,22.838678690845065,3.3272450945063374,,Moto3
35,Rider,Jack Miller,2012,1,14,21.12876037594952,1.8476316113857576,20.847427974035508,3.447542967793396,Honda [2012],Moto3
35,Rider,Jack Miller,2013,0,17,26.5440085640103,1.2659129554318145,24.368136597901263,1.5225589853740003,FTR Honda [2013],Moto3
35,Rider,Jack Miller,2014,0,18,28.734484300325878,1.051421183587592,27.765421512959378,1.154276606689579,KTM [2014],Moto3
37,Rider,Jonas Folger,2012,1,15,26.13098806236729,1.7799675639508599,23.889113077566797,3.2723456248920653,Kalex KTM [2012],Moto3
37,Rider,Jonas Folger,2013,0,16,30.810339248374582,1.2777539014019603,29.094895977699615,1.5038031382978185,Kalex KTM [2013],Moto3
36,Bike,Ioda [2012],2012,1,16,21.35255794123374,1.8117369872443598,21.110927510012136,3.3997478641060987,,Moto3
38,Rider,Luigi Morciano,2012,1,13,22.66519216957126,1.9611758439627662,21.97648335548073,3.5892701458172813,Ioda [2012],Moto3
39,Rider,Brad Binder,2012,1,17,21.25770545772716,1.6800622919264738,19.853674679706,3.253063680349598,Kalex KTM [2012],Moto3
39,Rider,Brad Binder,2013,0,17,21.320720538984897,1.203078398258171,21.295527418234094,1.4167128571702228,Mahindra MGP3O [2013],Moto3
39,Rider,Brad Binder,2014,0,18,24.227433126139484,1.0022042079020779,22.741002344068075,1.0981741553180262,Mahindra MGP3O [2014],Moto3
39,Rider,Brad Binder,2015,0,18,25.603389003643127,0.9005430213527735,25.021296132002092,0.9510871199638276,KTM RC 250 GP [2015],Moto3
39,Rider,Brad Binder,2016,0,18,27.043550051713435,0.8563230958823526,26.48450085601173,0.8803544648944012,KTM RC 250 GP [2016],Moto3
40,Rider,Marcel Schrötter,2012,1,8,21.368337126892435,2.611503858572094,21.864699744283552,4.233853775822935,Mahindra MGP3O [2012],Moto3
41,Rider,Alexis Masbou,2012,1,11,30.221643145694234,2.210126223775268,28.777340391970714,3.8468293660450406,Honda [2012],Moto3
41,Rider,Alexis Masbou,2013,0,16,29.924661264804165,1.378969921147371,30.44661075432669,1.7336180409131325,FTR Honda [2013],Moto3
41,Rider,Alexis Masbou,2014,0,18,29.055873489931592,1.0842644721975563,29.54780996278536,1.2207929372073467,Honda [2014],Moto3
41,Rider,Alexis Masbou,2015,0,18,26.129098709873205,0.9431796921808046,27.38619936742671,1.0129047333440764,Honda NSF250RW [2015],Moto3
41,Rider,Alexis Masbou,2016,0,9,25.575945481288507,0.9057047070806699,25.804361340024357,0.9258990698965427,Peugeot MGP3O [2016],Moto3
42,Rider,Alessandro Tonucci,2012,1,17,25.226427389940817,1.6835990007999706,22.68986434616641,3.2641081979086324,FTR Honda [2012],Moto3
42,Rider,Alessandro Tonucci,2013,0,13,23.539268549881957,1.2933839403611744,24.4790180852663,1.4745016889558216,FTR Honda [2013],Moto3
42,Rider,Alessandro Tonucci,2014,0,18,23.082980134581668,1.0398817976781651,23.424346085741195,1.159182896719463,Mahindra MGP3O [2014],Moto3
42,Rider,Alessandro Tonucci,2015,0,17,21.938236338106616,0.9260079422803823,22.491905814490266,0.9836968456099527,Mahindra MGP3O [2015],Moto3
43,Rider,Isaac Viñales,2012,1,15,21.272039817060307,1.794505357117556,19.52033223464599,3.4081944128698525,FTR Honda [2012],Moto3
43,Rider,Isaac Viñales,2013,0,17,23.886400015484895,1.2434318306285803,22.86544519822658,1.489608457413138,FTR Honda [2013],Moto3
43,Rider,Isaac Viñales,2014,0,18,24.91876758413519,1.0251250314098117,24.681887959816716,1.1299445386711098,KTM [2014],Moto3
43,Rider,Isaac Viñales,2015,0,18,24.4954072951322,0.911255455596838,24.684237696580894,0.9681347318610464,KTM RC 250 GP [2015],Moto3
44,Rider,Álex Márquez,2012,1,11,22.961844308368615,2.0085243563416983,23.742778959744882,3.514976168718461,Suter Honda [2012],Moto3
44,Rider,Álex Márquez,2013,0,17,27.885604393021442,1.34025011366639,24.94316514777428,1.624515351490898,KTM [2013],Moto3
44,Rider,Álex Márquez,2014,0,18,30.010945694889774,1.083762890020267,28.644270558876315,1.2026160031048687,Honda [2014],Moto3
45,Rider,Giulian Pedone,2012,1,16,18.45488670158355,1.7025775482058,19.87050939415378,3.1460062750847166,Suter Honda [2012],Moto3
46,Rider,Josep Rodríguez,2012,1,5,22.59154360037002,2.8618744233174853,21.026414410862238,4.244694675173942,FGR Honda [2012],Moto3
48,Rider,Joan Olivé,2012,1,2,23.28773604132562,4.383336009762361,23.915906849611478,5.187692548969942,KTM [2012],Moto3
50,Rider,Kevin Hanus,2012,1,3,19.816941184061385,3.867664236739925,20.292705350217158,4.884849624856025,Honda [2012],Moto3
50,Rider,Kevin Hanus,2013,0,3,19.15271804009307,2.8356811809126317,19.763047083235488,3.1340012476318506,Honda [2013],Moto3
50,Rider,Kevin Hanus,2015,0,2,16.981963954569807,2.266485897104324,17.386275487336484,2.3426317178214076,Honda NSF250RW [2015],Moto3
51,Rider,Armando Pontone,2012,1,8,22.2552427750315,2.2840329933176164,22.10098483412649,3.6084279781180637,Ioda [2012],Moto3
53,Rider,John McPhee,2012,1,8,22.938735140400755,2.573856408416959,23.420808923818846,4.173706240097061,KRP Honda [2012],Moto3
53,Rider,John McPhee,2013,0,17,23.554889568125056,1.413000020159925,23.338545229941325,1.8827392019632778,FTR Honda [2013],Moto3
53,Rider,John McPhee,2014,0,18,22.546821703520223,1.0912955716936141,22.952451882850127,1.2394744268902478,Honda [2014],Moto3
53,Rider,John McPhee,2015,0,18,22.757106009411263,0.9461598043326054,22.63227760257425,1.017447904361688,Honda NSF250RW [2015],Moto3
53,Rider,John McPhee,2016,0,16,23.507492641267685,0.8747812247530158,23.135751695847137,0.9116068735898782,Peugeot MGP3O [2016],Moto3
53,Rider,John McPhee,2017,0,15,23.252113527057116,0.8364225186976514,23.504979567660406,0.8584580216104066,Honda NSF250RW [2017],Moto3
53,Rider,John McPhee,2018,0,18,22.82860832446734,0.8037958440032886,22.974331165251655,0.8225262312253381,KTM RC 250 GP [2018],Moto3
53,Rider,John McPhee,2019,0,19,22.63663136196169,0.7830296285270735,22.78699021406532,0.7966319645675871,Honda NSF250RW [2019],Moto3
53,Rider,John McPhee,2020,0,15,22.39145986996633,0.7772324265665533,22.62985725468716,0.7848108271746629,Honda NSF250RW [2020],Moto3
53,Rider,John McPhee,2021,0,17,21.86828958979558,0.7679287511797381,22.059558709866913,0.7760038377692301,Honda NSF250RW [2021],Moto3
53,Rider,John McPhee,2022,0,15,21.406383346311966,0.7587331052965689,21.495661981187066,0.7643916113737673,Husqvarna FR 250 GP [2022],Moto3
52,Bike,KRP Honda [2012],2012,1,8,23.117266563788647,2.5819206998281397,23.570330529377003,4.20988039360787,,Moto3
55,Rider,Bryan Schouten,2013,1,2,22.29730297213386,3.4976208758941976,22.06461594183976,3.8541403128238034,FTR Honda [2013],Moto3
55,Rider,Bryan Schouten,2014,0,12,20.93127694236285,1.751880777881735,21.21347297219793,2.4181253674394423,Mahindra MGP3O [2014],Moto3
57,Rider,Luca Grünwald,2012,1,2,26.112563601712132,4.138802796469856,27.490674302351554,4.760390663120641,Honda [2012],Moto3
57,Rider,Luca Grünwald,2013,0,2,22.66877658062753,3.0449391495236946,23.425133789112422,3.2668481300070757,Kalex KTM [2013],Moto3
57,Rider,Luca Grünwald,2014,0,16,20.794710502049316,1.502442100702591,21.00477242809633,2.0948206227172275,Kalex KTM [2014],Moto3
58,Rider,Kevin Calia,2012,1,2,21.41337496207798,4.095571795551092,23.212988162621162,4.705477553514026,Honda [2012],Moto3
59,Rider,Michael Ruben Rinaldi,2012,1,3,19.95836021331756,3.5059525696268468,21.407917157957105,4.35763183539938,Honda [2012],Moto3
60,Rider,Riccardo Moretti,2012,1,4,21.06423223128626,3.073517482585263,21.896541075145286,4.046690802364861,Mahindra MGP3O [2012],Moto3
61,Rider,Miroslav Popov,2012,1,4,22.0534644806934,3.051360002378391,21.866392927271413,4.049667351228799,Mahindra MGP3O [2012],Moto3
62,Rider,Stefano Valtulini,2016,1,17,17.650822957240916,1.5753506594351556,17.93487931751878,2.6443692165959023,Mahindra MGP3O [2016],Moto3
63,Rider,Luca Amato,2012,1,5,17.875212762195414,2.7254881089020078,19.026511173068677,3.751005967000981,Kalex KTM [2012],Moto3
63,Rider,Luca Amato,2013,0,9,15.308742147910936,1.6976222390042217,15.578719783260523,2.0610332607189963,Mahindra MGP3O [2013],Moto3
64,Rider,Juan Francisco Guevara,2012,1,2,23.193902748074493,3.9921330777577153,21.66164906354975,4.591166387343628,FTR Honda [2012],Moto3
64,Rider,Juan Francisco Guevara,2013,0,17,21.629607741922865,1.5451093876480737,21.982990919352627,2.3718878070209097,TSR Honda [2013],Moto3
64,Rider,Juan Francisco Guevara,2014,0,18,22.764751169760064,1.1415229474943267,22.251517865542525,1.325935040882612,Kalex KTM [2014],Moto3
64,Rider,Juan Francisco Guevara,2015,0,17,22.76473420452215,0.9760558712969364,22.674108237066385,1.0559791017902005,Kalex KTM [2015],Moto3
64,Rider,Juan Francisco Guevara,2016,0,18,21.68159025990414,0.8833363261002457,22.218554459433783,0.9305305182319062,KTM RC 250 GP [2016],Moto3
64,Rider,Juan Francisco Guevara,2017,0,15,21.551627745614095,0.8401478492871239,21.671865143161234,0.8638245085032684,KTM RC 250 GP [2017],Moto3
65,Rider,Jorge Navarro,2013,1,2,18.285412813559986,4.052302145295608,17.888384549249274,4.346145238489395,Mir [2013],Moto3
65,Rider,Jorge Navarro,2014,0,9,20.208693611064547,1.894018265753457,19.721922006873537,2.5245954062418403,Kalex KTM [2014],Moto3
65,Rider,Jorge Navarro,2015,0,17,24.25589365964837,1.276045753529882,21.508643010088793,1.5422742434719774,Honda NSF250RW [2015],Moto3
65,Rider,Jorge Navarro,2016,0,17,23.416837610905112,1.0529978868665797,24.44689559368564,1.1620582985461787,Honda NSF250RW [2016],Moto3
66,Rider,Hyuga Watanabe,2013,1,16,18.863017992543593,1.6250241906912866,19.60370991189905,2.6490852644597287,FTR Honda [2013],Moto3
70,Rider,Philipp Öttl,2013,1,16,25.75540978349335,1.6437795745067743,24.238419637922707,2.6974937463924644,Kalex KTM [2013],Moto3
70,Rider,Philipp Öttl,2014,0,18,23.99463054805767,1.1729480017372682,25.032802241458526,1.3845425652744467,Kalex KTM [2014],Moto3
70,Rider,Philipp Öttl,2015,0,18,24.260347407722737,0.9849137133554191,24.03694189205723,1.0747529706366241,KTM RC 250 GP [2015],Moto3
70,Rider,Philipp Öttl,2016,0,17,23.649043575343786,0.8932939452235611,23.917300613644528,0.9400147582983546,KTM RC 250 GP [2016],Moto3
70,Rider,Philipp Öttl,2017,0,15,23.964190041255595,0.8474764813810471,23.82624644804638,0.87249438623711,KTM RC 250 GP [2017],Moto3
70,Rider,Philipp Öttl,2018,0,17,23.401388505044842,0.811724115715654,23.807718223415172,0.8326680238988307,KTM RC 250 GP [2018],Moto3
71,Bike,KTM [2013],2013,1,17,29.5422089547565,1.6405123663806322,29.848982175637673,2.8537004408337054,,Moto3
72,Bike,Kalex KTM [2013],2013,1,17,24.019355370614562,1.60877698068413,23.939204395078605,2.889841079100639,,Moto3
73,Bike,Mahindra MGP3O [2013],2013,1,17,25.834345136413983,1.5674863145307136,25.701026442975028,2.676146349281487,,Moto3
74,Bike,Suter Honda [2013],2013,1,11,27.07650562867728,1.9319675395435703,30.037340535387546,3.0454514974372895,,Moto3
75,Bike,FTR Honda [2013],2013,1,17,23.31951015207228,1.5970515924710669,22.78860251716283,2.871397959783721,,Moto3
76,Bike,Honda [2013],2013,1,7,18.63923611673603,2.7391360343563833,19.684631818778623,3.7697381154003153,,Moto3
77,Rider,Ana Carrasco,2013,1,17,15.65018335502983,1.6393634505533679,15.252620567629222,3.1552602049067167,KTM [2013],Moto3
77,Rider,Ana Carrasco,2014,0,14,16.934035934325156,1.2509291018303168,16.472965871369777,1.4305939151705902,Kalex KTM [2014],Moto3
77,Rider,Ana Carrasco,2015,0,15,16.895223286656673,1.0424302335768614,16.95765413085756,1.1377300799979877,KTM RC 250 GP [2015],Moto3
77,Rider,Ana Carrasco,2022,0,20,14.67063709710237,0.9106758391186798,15.64142301026385,0.975834741806484,KTM RC 250 GP [2022],Moto3
77,Rider,Ana Carrasco,2023,0,13,13.360663633747073,0.8682637674130859,14.025300383646377,0.8913082989249962,KTM RC 250 GP [2023],Moto3
78,Bike,TSR Honda [2013],2013,1,17,19.35785804619809,1.568194362998875,19.382258322658757,2.770973759337047,,Moto3
79,Rider,Francesco Bagnaia,2013,1,17,18.555975198669216,1.650346787833439,19.64371769435241,3.1702835408715297,FTR Honda [2013],Moto3
79,Rider,Francesco Bagnaia,2014,0,16,19.48947867954308,1.2107489321910359,19.40583807379932,1.41266739400839,KTM [2014],Moto3
79,Rider,Francesco Bagnaia,2015,0,18,21.465414656533323,1.007662256793195,20.79909455642424,1.106662246162702,Mahindra MGP3O [2015],Moto3
79,Rider,Francesco Bagnaia,2016,0,18,23.335410618591943,0.9068384331653198,22.744963380231397,0.9575627353467951,Mahindra MGP3O [2016],Moto3
80,Rider,Matteo Ferrari,2013,1,16,20.601990125981796,1.695719458619374,21.155477815230572,3.2364753988810797,FTR Honda [2013],Moto3
80,Rider,Matteo Ferrari,2014,0,18,20.010864469184863,1.1867846123008867,20.349929295186765,1.4128204548144503,Mahindra MGP3O [2014],Moto3
80,Rider,Matteo Ferrari,2015,0,13,19.860554214602892,1.0436396546620983,20.049885514622353,1.115029223656509,Mahindra MGP3O [2015],Moto3
81,Rider,Florian Alt,2013,1,11,16.618182592547775,2.0244044676431523,17.33416399903173,3.583889048523668,Kalex KTM [2013],Moto3
82,Rider,Eric Granado,2013,1,17,19.146790729566582,1.6458012947954173,18.797399443414676,3.1767788921432443,Kalex KTM [2013],Moto3
82,Rider,Eric Granado,2014,0,14,18.25805874867436,1.2482547468412322,18.36444193564288,1.4319398852016985,KTM [2014],Moto3
83,Rider,Lorenzo Baldassarri,2013,1,17,19.516160894459453,1.6431494715481019,18.921215229436097,3.182966597478288,FTR Honda [2013],Moto3
84,Rider,Livio Loi,2013,1,15,21.735855897387772,1.6914826054470407,21.90570387959802,2.9568211022952298,Kalex KTM [2013],Moto3
84,Rider,Livio Loi,2014,0,9,21.705367546871283,1.4015718258416485,22.175952262300257,1.5394222420379893,KTM [2014],Moto3
84,Rider,Livio Loi,2015,0,18,21.32955722266143,1.0873989113688485,21.501000974677595,1.2331752197307335,Honda NSF250RW [2015],Moto3
84,Rider,Livio Loi,2016,0,18,21.426062392793348,0.9439644050511939,21.34915404039343,1.014661166907998,Honda NSF250RW [2016],Moto3
84,Rider,Livio Loi,2017,0,13,21.27354684714763,0.8907657166048131,21.2508927239244,0.9190593750534741,Honda NSF250RW [2017],Moto3
84,Rider,Livio Loi,2018,0,8,20.97768486044237,0.8703682340289199,21.17532643637992,0.8822172781630486,KTM RC 250 GP [2018],Moto3
85,Bike,Mir [2013],2013,1,2,24.01891175694075,4.624294144885419,23.393803223605236,5.244697473851201,,Moto3
88,Rider,Jules Danilo,2013,1,4,15.256116117397688,3.1191416912058005,15.695623187303148,4.1991353360184815,Kalex KTM [2013],Moto3
88,Rider,Jules Danilo,2014,0,18,19.09057599841824,1.431532376834385,17.630332427417258,2.0507076645582365,Mahindra MGP3O [2014],Moto3
88,Rider,Jules Danilo,2015,0,18,18.495426898699932,1.0958121444580584,18.50348694925513,1.2507908098086302,Honda NSF250RW [2015],Moto3
88,Rider,Jules Danilo,2016,0,18,18.984451737453522,0.9480974265452007,18.835385340115547,1.0210675275172916,Honda NSF250RW [2016],Moto3
88,Rider,Jules Danilo,2017,0,15,17.903147297321247,0.8832757828517752,18.4104856185019,0.9178504609068682,Honda NSF250RW [2017],Moto3
89,Rider,Andrea Locatelli,2013,1,2,20.035994116356196,4.087704905280902,21.42715697347456,4.73461847074688,Mahindra MGP3O [2013],Moto3
89,Rider,Andrea Locatelli,2014,0,16,18.854861548480923,1.56396594161964,19.191176419458227,2.4055308794290595,Mahindra MGP3O [2014],Moto3
89,Rider,Andrea Locatelli,2015,0,13,19.58959895642172,1.2331641723389788,19.416572021423946,1.3890622888966015,Honda NSF250RW [2015],Moto3
89,Rider,Andrea Locatelli,2016,0,18,19.917146234173224,1.0169068115688382,19.724648336184977,1.1197184991175133,KTM RC 250 GP [2016],Moto3
92,Rider,Andrea Migno,2013,1,2,20.832731879056073,5.251634237066851,21.178371673997475,5.905341534524613,FTR [2013],Moto3
92,Rider,Andrea Migno,2014,0,7,20.442996598305683,2.1868292598441923,19.878108186236553,2.97400019289811,Mahindra MGP3O [2014],Moto3
92,Rider,Andrea Migno,2015,0,18,21.45744514121308,1.3021364199351557,21.22563956309763,1.6672602470157432,KTM RC 250 GP [2015],Moto3
92,Rider,Andrea Migno,2016,0,18,20.481134189923605,1.0457574687629745,20.890491299727174,1.1668394817273977,KTM RC 250 GP [2016],Moto3
92,Rider,Andrea Migno,2017,0,15,21.593552295428285,0.941858136405755,21.249682970580313,0.9945783950916559,KTM RC 250 GP [2017],Moto3
92,Rider,Andrea Migno,2018,0,18,21.701892478738632,0.8663357906054928,21.834826519727613,0.9056506758248298,KTM RC 250 GP [2018],Moto3
92,Rider,Andrea Migno,2019,0,18,21.537765835260096,0.8209987272908067,21.665161302370763,0.8458259665992472,KTM RC 250 GP [2019],Moto3
92,Rider,Andrea Migno,2020,0,15,21.031777484487368,0.8022250504709851,21.345106597763944,0.815662488849243,KTM RC 250 GP [2020],Moto3
92,Rider,Andrea Migno,2021,0,18,20.782760040436493,0.7846440250430525,20.96884145705685,0.7965367415112243,Honda NSF250RW [2021],Moto3
92,Rider,Andrea Migno,2022,0,20,20.419716516076676,0.7690289377949404,20.670242530343426,0.7808095959422724,Honda NSF250RW [2022],Moto3
92,Rider,Andrea Migno,2023,0,6,19.952775960006896,0.7719372303536325,20.15647215760767,0.7723838094100228,KTM RC 250 GP [2023],Moto3
91,Bike,FTR [2013],2013,1,2,20.832731879056073,5.251634237066851,21.178371673997475,5.905341534524613,,Moto3
99,Rider,María Herrera,2014,1,3,14.155001709939022,3.0777934865468786,15.224748201046118,3.601664214004627,Honda [2014],Moto3
99,Rider,María Herrera,2015,0,18,14.90598958137522,1.4251503228575308,14.026578011689827,2.031850850759667,Husqvarna FR 250 GP [2015],Moto3
99,Rider,María Herrera,2016,0,16,15.154753067469162,1.1207580144036136,15.169533614177283,1.2634824184401865,KTM RC 250 GP [2016],Moto3
99,Rider,María Herrera,2017,0,12,14.921980150170942,1.0107579996358151,15.01084843707842,1.0659351944357218,KTM RC 250 GP [2017],Moto3
101,Rider,Hafiq Azmi,2013,1,4,16.251935555560237,2.9946498329481024,15.381230230957497,3.9545164410470104,FTR Honda [2013],Moto3
101,Rider,Hafiq Azmi,2014,0,18,16.628518115756123,1.4264434542016449,15.769045376322728,2.015958121212605,KTM [2014],Moto3
105,Rider,Hiroki Ono,2015,1,16,18.564282101829455,1.5803276147813732,19.156511062126828,2.4167827744128068,Honda NSF250RW [2015],Moto3
105,Rider,Hiroki Ono,2016,0,16,18.15531682461782,1.1841477949924823,18.206684482121315,1.3670265004309496,Honda NSF250RW [2016],Moto3
106,Bike,KTM [2014],2014,1,18,26.43011225559428,1.5506947893878564,26.6533361562642,2.751536724804313,,Moto3
107,Bike,Honda [2014],2014,1,18,26.840878508640394,1.5223162647134925,27.2171127655834,2.614299620319882,,Moto3
108,Bike,Mahindra MGP3O [2014],2014,1,18,23.640231601022577,1.5030559700503714,23.078720696614212,2.633136453217348,,Moto3
109,Bike,Husqvarna [2014],2014,1,18,24.615073418414504,1.48871414300357,24.561685555327752,2.572052685546996,,Moto3
110,Rider,Karel Hanika,2014,1,18,20.570208137764652,1.5824500940994886,20.054276047166166,3.0756642523899296,KTM [2014],Moto3
110,Rider,Karel Hanika,2015,0,18,20.504252462577366,1.1485680965961442,20.95608122894738,1.3434813430535633,KTM RC 250 GP [2015],Moto3
110,Rider,Karel Hanika,2016,0,9,20.019658929856746,1.0594043634835215,20.207722476889202,1.1053412490845067,KTM RC 250 GP [2016],Moto3
111,Rider,Enea Bastianini,2014,1,18,25.73886439344225,1.6002589952376391,25.036142292497708,3.083804629705708,KTM [2014],Moto3
111,Rider,Enea Bastianini,2015,0,18,27.065268448322982,1.1718727860889704,27.092092597837734,1.3672238722371177,Honda NSF250RW [2015],Moto3
111,Rider,Enea Bastianini,2016,0,16,27.244008378771312,1.0110155895852255,27.014772019524298,1.0883315020976096,Honda NSF250RW [2016],Moto3
111,Rider,Enea Bastianini,2017,0,15,26.344509615779774,0.9243498091422455,26.496625721630114,0.9683950471980768,Honda NSF250RW [2017],Moto3
111,Rider,Enea Bastianini,2018,0,18,25.48900568782094,0.8599833217477802,25.807818248682853,0.8943844490062237,Honda NSF250RW [2018],Moto3
112,Bike,Kalex KTM [2014],2014,1,18,22.839830379623745,1.5362078484359438,22.803518413816036,2.7549185295471474,,Moto3
113,Rider,Scott Deroue,2014,1,18,18.694025352962964,1.5817646914986068,20.145595821897096,3.073876269652764,Kalex KTM [2014],Moto3
114,Rider,Gabriel Ramos,2014,1,18,17.639556732908567,1.5839986270507955,17.12419215121807,3.084885005721347,Kalex KTM [2014],Moto3
115,Rider,Marcos Ramírez,2016,1,9,19.928723610539375,1.990955312547326,19.309356399600272,2.830540631054351,Mahindra MGP3O [2016],Moto3
115,Rider,Marcos Ramírez,2017,0,15,22.444215374904804,1.3444699591130955,21.845991156833325,1.6258686456090734,KTM RC 250 GP [2017],Moto3
115,Rider,Marcos Ramírez,2018,0,18,23.11333365439872,1.0643483548408148,22.890042502770985,1.1956896517488318,KTM RC 250 GP [2018],Moto3
115,Rider,Marcos Ramírez,2019,0,19,22.927671405899087,0.9325459499078058,22.882323503141073,0.9969992633774513,Honda NSF250RW [2019],Moto3
116,Rider,Gabriel Rodrigo,2014,1,7,14.915524520158002,2.3801710347792704,16.0110549455109,3.5835866666188,KTM [2014],Moto3
116,Rider,Gabriel Rodrigo,2015,0,16,16.18367982679915,1.395310665276555,15.453778252169624,1.8006789662274174,KTM RC 250 GP [2015],Moto3
116,Rider,Gabriel Rodrigo,2016,0,18,16.179107401104215,1.0835356370434976,16.24073589668382,1.2278107042017432,KTM RC 250 GP [2016],Moto3
116,Rider,Gabriel Rodrigo,2017,0,13,16.54671642542324,0.9723264553299152,16.30687449165788,1.0235897019518687,KTM RC 250 GP [2017],Moto3
116,Rider,Gabriel Rodrigo,2018,0,17,18.680344055955164,0.8880325680815112,17.862832193792165,0.9311756353353325,KTM RC 250 GP [2018],Moto3
116,Rider,Gabriel Rodrigo,2019,0,14,18.441664872995513,0.8462342254310321,18.742391240618737,0.8697022996812334,Honda NSF250RW [2019],Moto3
116,Rider,Gabriel Rodrigo,2020,0,15,18.53765649417201,0.8192335132357966,18.779642857376643,0.8366387275773867,Honda NSF250RW [2020],Moto3
116,Rider,Gabriel Rodrigo,2021,0,13,18.694200294996687,0.8030165830640745,18.760206039545505,0.8139818936356459,Honda NSF250RW [2021],Moto3
120,Bike,FTR KTM [2014],2014,1,2,25.730011085100536,3.9084257884265328,27.04975149531188,4.48957621413702,,Moto3
124,Rider,Lorenzo Petrarca,2016,1,18,17.970397387660533,1.5390764515605,17.196012971112644,2.6056187308845216,Mahindra MGP3O [2016],Moto3
125,Rider,Remy Gardner,2014,1,3,18.674229699766922,3.355812790785715,18.793297167495087,4.196272057487637,KTM [2014],Moto3
125,Rider,Remy Gardner,2015,0,18,19.489528729060236,1.4607871023233252,19.043440019337094,2.1466444483620655,Mahindra MGP3O [2015],Moto3
130,Rider,Albert Arenas,2016,1,12,21.113550447670004,1.7518161283390528,20.014597133580143,2.620394298587908,Peugeot MGP3O [2016],Moto3
130,Rider,Albert Arenas,2017,0,9,20.07561980281167,1.418464072831409,20.351541899406776,1.57521725609943,Mahindra MGP3O [2017],Moto3
130,Rider,Albert Arenas,2018,0,17,21.559928885732912,1.1028772689940265,20.76285527326209,1.2424405966655172,KTM RC 250 GP [2018],Moto3
130,Rider,Albert Arenas,2019,0,17,21.725634167803424,0.9565195491244312,21.489080193083467,1.024496323054832,KTM RC 250 GP [2019],Moto3
130,Rider,Albert Arenas,2020,0,15,22.250482654538864,0.8956691372997073,22.197204892304498,0.9310214176726459,KTM RC 250 GP [2020],Moto3
131,Bike,Honda NSF250RW [2015],2015,1,18,25.78625870939813,1.5228771166184627,26.480060041556204,2.68243840377422,,Moto3
132,Bike,Husqvarna FR 250 GP [2015],2015,1,18,27.722062754758724,1.5452738935571186,28.139888442144795,2.631851147658016,,Moto3
133,Rider,Fabio Quartararo,2015,1,13,22.42481798398248,1.9061580491013848,26.07278907023518,3.505325891241137,Honda NSF250RW [2015],Moto3
133,Rider,Fabio Quartararo,2016,0,18,21.35460362457646,1.248156409095703,21.75056429622862,1.5321332601898694,KTM RC 250 GP [2016],Moto3
134,Bike,Mahindra MGP3O [2015],2015,1,18,23.436955060728312,1.5528030925079248,23.168566960856374,2.8648761759401267,,Moto3
135,Bike,KTM RC 250 GP [2015],2015,1,18,25.06562560814492,1.4920747477633696,24.45330072432247,2.588715454540248,,Moto3
136,Rider,Jorge Martín,2015,1,18,24.73088042411632,1.5836101244283836,23.510019984644128,3.0879508750641254,Mahindra MGP3O [2015],Moto3
136,Rider,Jorge Martín,2016,0,16,24.700702583938178,1.1887361435702055,24.282262457416504,1.37233463894985,Mahindra MGP3O [2016],Moto3
136,Rider,Jorge Martín,2017,0,13,25.827145650147422,1.0507709980984243,25.236100686063082,1.117835484234017,Honda NSF250RW [2017],Moto3
136,Rider,Jorge Martín,2018,0,17,26.288678767468703,0.9498946455002597,25.917868057475612,1.0007684948079387,Honda NSF250RW [2018],Moto3
137,Bike,Kalex KTM [2015],2015,1,17,20.451398063713356,1.5261406407667335,20.503923774474416,2.5858910861686843,,Moto3
138,Rider,Darryn Binder,2015,1,18,19.539643930428106,1.5830585756197137,19.988872521192498,3.088495951401266,Mahindra MGP3O [2015],Moto3
138,Rider,Darryn Binder,2016,0,18,20.221778374717125,1.1541567207494712,19.444680261790698,1.3494314429673087,Mahindra MGP3O [2016],Moto3
138,Rider,Darryn Binder,2017,0,10,19.857904550171636,1.0500755693328994,20.28320908815431,1.1025740288652346,KTM RC 250 GP [2017],Moto3
138,Rider,Darryn Binder,2018,0,16,20.367428800577162,0.9347903360508768,20.035672294088553,0.9919780598246982,KTM RC 250 GP [2018],Moto3
138,Rider,Darryn Binder,2019,0,19,19.98718538159583,0.8570526163245611,20.307398005553154,0.8971547167228923,KTM RC 250 GP [2019],Moto3
138,Rider,Darryn Binder,2020,0,15,20.409437959085142,0.8290202355658395,20.023541740555245,0.8470401802701608,KTM RC 250 GP [2020],Moto3
138,Rider,Darryn Binder,2021,0,18,21.043751922743205,0.799864912507238,20.835958286556966,0.8174992971808953,Honda NSF250RW [2021],Moto3
139,Rider,Tatsuki Suzuki,2015,1,18,19.52723182077071,1.5844758247256658,18.987341228094337,3.0909728596844497,Mahindra MGP3O [2015],Moto3
139,Rider,Tatsuki Suzuki,2016,0,18,20.650802217024967,1.1535583945556682,20.21110524193302,1.3497514918972575,Mahindra MGP3O [2016],Moto3
139,Rider,Tatsuki Suzuki,2017,0,15,20.547035987435763,1.004532807287979,20.58958722691574,1.0781993361624913,Honda NSF250RW [2017],Moto3
139,Rider,Tatsuki Suzuki,2018,0,17,20.049599409604024,0.9005918328287525,20.272368222379693,0.9502243248227991,Honda NSF250RW [2018],Moto3
139,Rider,Tatsuki Suzuki,2019,0,19,19.87381628103647,0.8403061244503782,19.7953865225644,0.871884080736544,Honda NSF250RW [2019],Moto3
139,Rider,Tatsuki Suzuki,2020,0,13,19.408696549708917,0.8206557055804551,19.970924882948285,0.8345561361876405,Honda NSF250RW [2020],Moto3
139,Rider,Tatsuki Suzuki,2021,0,18,19.49103247543943,0.7939372143203278,19.40827384134988,0.8103998909281046,Honda NSF250RW [2021],Moto3
139,Rider,Tatsuki Suzuki,2022,0,20,19.62851393339468,0.7756969945179958,19.769316241464498,0.7885145049636908,Honda NSF250RW [2022],Moto3
139,Rider,Tatsuki Suzuki,2023,0,10,19.07056970982279,0.7726709688441151,19.386464430554383,0.7767369953944656,Honda NSF250RW [2023],Moto3
139,Rider,Tatsuki Suzuki,2024,0,20,18.26679747723166,0.7618604271975526,18.56211249047434,0.7709674150900014,Husqvarna FR 250 GP [2024],Moto3
140,Rider,Marco Bezzecchi,2015,1,2,17.882095294530107,4.728250982819747,19.17060248101053,5.70332360826363,Mahindra MGP3O [2015],Moto3
140,Rider,Marco Bezzecchi,2016,0,2,16.8783795468051,3.2951671025877722,16.44661250491862,3.5802914106556996,Mahindra MGP3O [2016],Moto3
140,Rider,Marco Bezzecchi,2017,0,15,20.452485451255434,1.5737970973998907,19.69946119718338,2.2150745119096213,Mahindra MGP3O [2017],Moto3
140,Rider,Marco Bezzecchi,2018,0,17,23.973646209593394,1.1867358064975906,22.9806045415718,1.3651868962491032,KTM RC 250 GP [2018],Moto3
142,Rider,Stefano Manzi,2015,1,17,21.383710429340677,1.599444951525569,21.01485565654793,2.947817907047215,Mahindra MGP3O [2015],Moto3
142,Rider,Stefano Manzi,2016,0,3,22.19595541140317,1.4753677842959652,21.906657332674115,1.5150773868063159,Mahindra MGP3O [2016],Moto3
143,Bike,FTR Honda [2015],2015,1,2,19.594047147526318,5.0320605789792365,20.695543713184975,5.584443046330359,,Moto3
146,Rider,Lorenzo Dalla Porta,2015,1,9,17.955967686805735,2.0586942563597876,18.552864877741257,3.1718615906959857,Husqvarna FR 250 GP [2015],Moto3
146,Rider,Lorenzo Dalla Porta,2016,0,9,17.642314556099034,1.494185262435738,18.271606592597603,1.7120670916862364,KTM RC 250 GP [2016],Moto3
146,Rider,Lorenzo Dalla Porta,2017,0,15,18.303443608690493,1.1699313358804067,18.00348618328239,1.320858870048797,Mahindra MGP3O [2017],Moto3
146,Rider,Lorenzo Dalla Porta,2018,0,18,19.71040900328996,0.9906007708013457,18.835718981825664,1.0758204528953044,Honda NSF250RW [2018],Moto3
146,Rider,Lorenzo Dalla Porta,2019,0,19,21.852368616893976,0.8984256595676172,20.86385044944201,0.9434095387034681,Honda NSF250RW [2019],Moto3
151,Rider,Khairul Idham Pawi,2016,1,18,17.676681124242176,1.5443722364058208,19.054150864528328,2.6078255102137464,Honda NSF250RW [2016],Moto3
151,Rider,Khairul Idham Pawi,2020,0,13,15.020129787781801,1.233520508167188,16.333285030300434,1.384817489763382,Honda NSF250RW [2020],Moto3
152,Rider,Davide Pizzoli,2016,1,2,15.407482811359914,3.4969604925127746,16.07223560831436,3.8185568940675205,KTM RC 250 GP [2016],Moto3
152,Rider,Davide Pizzoli,2019,0,2,15.386885403800054,2.76435870945234,15.067451930790394,2.920597975632831,KTM RC 250 GP [2019],Moto3
152,Rider,Davide Pizzoli,2020,0,15,12.75422194233071,1.5349225220440288,13.47482848653565,2.0524895828671634,KTM RC 250 GP [2020],Moto3
153,Rider,Manuel Pagliani,2015,1,5,19.521223198930194,2.6807758457595816,20.112129536224707,3.695250934272361,Mahindra MGP3O [2015],Moto3
153,Rider,Manuel Pagliani,2017,0,15,20.19446826431411,1.4919320339712705,19.77324727030883,1.9695005915338137,Mahindra MGP3O [2017],Moto3
158,Rider,Joan Mir,2016,1,18,23.24938425311649,1.5496248180321024,21.853637188952792,2.573074760783706,KTM RC 250 GP [2016],Moto3
158,Rider,Joan Mir,2017,0,15,27.689574627650813,1.241229705530332,25.90118485929673,1.38596647061911,Honda NSF250RW [2017],Moto3
159,Rider,Nicolò Bulega,2016,1,18,23.165599563466113,1.5442150817310554,25.173135978887284,2.579071506703855,KTM RC 250 GP [2016],Moto3
159,Rider,Nicolò Bulega,2017,0,14,22.85501145598573,1.2072842621645115,23.234865300406714,1.3634132923395288,KTM RC 250 GP [2017],Moto3
159,Rider,Nicolò Bulega,2018,0,14,21.53636510033898,1.0424022236975714,21.883125626973026,1.1232014166557083,KTM RC 250 GP [2018],Moto3
160,Rider,Fabio Di Giannantonio,2016,1,18,23.800588514461012,1.5472261036374229,21.043954727346296,2.5809516965676775,Honda NSF250RW [2016],Moto3
160,Rider,Fabio Di Giannantonio,2017,0,15,22.656417399198236,1.2002273482280645,23.332523139956955,1.361136187642196,Honda NSF250RW [2017],Moto3
160,Rider,Fabio Di Giannantonio,2018,0,18,23.750206229485595,1.009802734564167,23.238809814788645,1.1001304801161853,Honda NSF250RW [2018],Moto3
161,Bike,Honda NSF250RW [2016],2016,1,18,26.006824419465634,1.5249065291098531,26.534722882377135,2.7422696623799983,,Moto3
162,Bike,KTM RC 250 GP [2016],2016,1,18,26.50096538945959,1.5229113494207405,26.943814253786275,2.6813303114189733,,Moto3
163,Bike,Mahindra MGP3O [2016],2016,1,18,22.607661285269636,1.5417129271517802,21.39488894762563,2.7642531470743883,,Moto3
164,Rider,Bo Bendsneyder,2016,1,18,21.051401183767403,1.580034876207213,19.90082764935714,3.057594839752212,KTM RC 250 GP [2016],Moto3
164,Rider,Bo Bendsneyder,2017,0,15,20.979418418932635,1.2034460638039532,20.669114603245998,1.3762296550074542,KTM RC 250 GP [2017],Moto3
165,Rider,Aròn Canet,2016,1,18,19.744734609065887,1.5907290273514108,18.89217586202544,3.1333006139474464,Honda NSF250RW [2016],Moto3
165,Rider,Aròn Canet,2017,0,14,22.70113589329955,1.2419569341761796,21.564490113712946,1.406199612951821,Honda NSF250RW [2017],Moto3
165,Rider,Aròn Canet,2018,0,17,21.554890451187354,1.0328426168901892,22.585863061315056,1.1337597453979147,Honda NSF250RW [2018],Moto3
165,Rider,Aròn Canet,2019,0,18,23.18664041873894,0.9214852523686436,22.758572739433333,0.9780161045725033,KTM RC 250 GP [2019],Moto3
166,Rider,Adam Norrodin,2016,1,18,15.870961462728259,1.575894629683809,16.684434589447594,3.0694838548959353,Honda NSF250RW [2016],Moto3
166,Rider,Adam Norrodin,2017,0,15,17.39264531798279,1.2036493978014673,16.690599952729144,1.3758217795610057,Honda NSF250RW [2017],Moto3
166,Rider,Adam Norrodin,2018,0,17,17.07699971322221,1.0110683525547692,17.08562583580598,1.1039756674410857,Honda NSF250RW [2018],Moto3
167,Bike,Peugeot MGP3O [2016],2016,1,18,20.66437013361488,1.490301454674688,19.54707982343236,2.529219949895291,,Moto3
168,Rider,Fabio Spiranelli,2016,1,15,17.803638911215078,1.7500200466156481,16.783513688449833,3.354240068091394,Mahindra MGP3O [2016],Moto3
169,Rider,Enzo Boulom,2016,1,3,14.546193647818791,3.5432775562808914,15.734547717651578,4.471435828488394,Mahindra MGP3O [2016],Moto3
170,Rider,Tim Georgi,2017,1,2,17.422165496123263,3.472997573414938,17.110952832608675,3.7895197508677056,KTM RC 250 GP [2017],Moto3
172,Rider,Gabriel Martínez,2017,1,2,14.632110457665844,3.4535950538717817,14.944886827953482,3.769620578536386,KTM RC 250 GP [2017],Moto3
175,Rider,Ayumu Sasaki,2017,1,15,18.84179124183832,1.6823260438698917,19.100231154781476,2.719299613192053,Honda NSF250RW [2017],Moto3
175,Rider,Ayumu Sasaki,2018,0,17,18.36889965469736,1.2010793946118663,18.506450842945668,1.4167516602884673,Honda NSF250RW [2018],Moto3
175,Rider,Ayumu Sasaki,2019,0,19,18.05382648587236,0.9903836642034878,18.257271036225276,1.0906130647134733,Honda NSF250RW [2019],Moto3
175,Rider,Ayumu Sasaki,2020,0,15,18.19915426751334,0.9134044547867138,17.946923750075666,0.9551315472658329,KTM RC 250 GP [2020],Moto3
175,Rider,Ayumu Sasaki,2021,0,16,18.737047447964354,0.8567698547500523,18.481787874805548,0.8872779672872396,KTM RC 250 GP [2021],Moto3
175,Rider,Ayumu Sasaki,2022,0,18,20.397622695327204,0.8201908544515063,19.483862138386083,0.8406526115106598,Husqvarna FR 250 GP [2022],Moto3
175,Rider,Ayumu Sasaki,2023,0,17,21.066767305682184,0.8013399514991019,20.99874886424547,0.8140708669888826,Husqvarna FR 250 GP [2023],Moto3
176,Rider,Raúl Fernández,2017,1,2,21.006697032828974,3.4839058704199966,21.35467656996677,3.783810710983878,Mahindra MGP3O [2017],Moto3
176,Rider,Raúl Fernández,2018,0,4,22.00506508654163,2.370911031116505,21.983217414305937,2.7152471557110363,KTM RC 250 GP [2018],Moto3
176,Rider,Raúl Fernández,2019,0,19,20.279477586885083,1.3162620630577166,21.363379881144418,1.7386340796728041,KTM RC 250 GP [2019],Moto3
176,Rider,Raúl Fernández,2020,0,15,22.148620270646216,1.1056846857765583,21.01563377257489,1.2079702900913591,KTM RC 250 GP [2020],Moto3
177,Rider,Vicente Pérez,2018,1,10,18.359172618940445,1.8223197410893477,17.78428594003737,2.480306616879094,KTM RC 250 GP [2018],Moto3
177,Rider,Vicente Pérez,2019,0,7,17.69283241351063,1.541897427882563,17.855091338469656,1.673782910349184,KTM RC 250 GP [2019],Moto3
177,Rider,Vicente Pérez,2023,0,5,17.266274218522515,1.3423393504371008,16.995664062371542,1.4045094328235683,KTM RC 250 GP [2023],Moto3
177,Rider,Vicente Pérez,2024,0,6,16.0724066816246,1.2368350088046087,16.69124675597789,1.2882824523133767,Honda NSF250RW [2024],Moto3
177,Rider,Vicente Pérez,2025,0,6,15.021358188908367,1.1448124502062813,15.60723629377349,1.182302790907444,Honda NSF250RW [2025],Moto3
179,Bike,Honda NSF250RW [2017],2017,1,15,26.849583936999846,1.6830162406766165,26.836389399293346,2.909384432184928,,Moto3
180,Bike,KTM RC 250 GP [2017],2017,1,15,24.69103379865073,1.6590321790707585,24.96729969397996,2.75850469485167,,Moto3
181,Rider,Nakarin Atiratphuvapat,2017,1,15,15.924758358671651,1.7474155914635254,16.314618958310533,3.2852131284237367,Honda NSF250RW [2017],Moto3
181,Rider,Nakarin Atiratphuvapat,2018,0,18,15.012019298261325,1.204565435059779,14.97693710914172,1.4438191157477502,Honda NSF250RW [2018],Moto3
182,Rider,Kaito Toba,2017,1,15,14.269016288926784,1.7508144205934688,16.221659452916825,3.288725433985709,Honda NSF250RW [2017],Moto3
182,Rider,Kaito Toba,2018,0,18,15.375962015302113,1.2050720852302186,14.970789121256182,1.446013459790824,Honda NSF250RW [2018],Moto3
182,Rider,Kaito Toba,2019,0,18,15.650078777739681,1.0011912035297523,15.807062378663922,1.099508697307536,Honda NSF250RW [2019],Moto3
182,Rider,Kaito Toba,2020,0,14,16.23571587461388,0.9241771067034966,16.020012234393317,0.9659241745759288,KTM RC 250 GP [2020],Moto3
182,Rider,Kaito Toba,2021,0,16,16.286053127588627,0.8624930665276586,16.460106328746154,0.8946198558624329,KTM RC 250 GP [2021],Moto3
182,Rider,Kaito Toba,2022,0,20,16.375527397715988,0.8134626197094917,16.5251156612832,0.8404071708410306,KTM RC 250 GP [2022],Moto3
182,Rider,Kaito Toba,2023,0,17,17.294344371128844,0.7900844798306914,16.80757955148881,0.8045723609754019,Honda NSF250RW [2023],Moto3
183,Bike,Peugeot MGP3O [2017],2017,1,15,18.8817328375371,1.6886672475271902,18.485163468825498,3.0259356719436235,,Moto3
184,Bike,Mahindra MGP3O [2017],2017,1,15,22.203844373134448,1.662773440816294,21.505975661633972,2.8362531067731864,,Moto3
185,Rider,Tony Arbolino,2017,1,15,14.331254274651975,1.7471936775183385,15.662146695172488,3.2874405516066756,Honda NSF250RW [2017],Moto3
185,Rider,Tony Arbolino,2018,0,18,16.602054780797747,1.2025393206509436,15.599632776524722,1.4424971352593627,Honda NSF250RW [2018],Moto3
185,Rider,Tony Arbolino,2019,0,19,18.83209397754708,0.9980229583286476,18.10340032953899,1.0962146334457514,Honda NSF250RW [2019],Moto3
185,Rider,Tony Arbolino,2020,0,14,20.7104731069098,0.9274221627735993,19.697670748436405,0.9653282303239632,Honda NSF250RW [2020],Moto3
186,Rider,Patrik Pulkkinen,2017,1,15,19.189957508442152,1.7689066505194413,18.63890665551581,3.331949357626804,Peugeot MGP3O [2017],Moto3
188,Rider,Aleix Viu,2019,1,2,15.863581831160023,3.885861618435716,16.090645686286038,4.222804690134304,KTM RC 250 GP [2019],Moto3
190,Rider,Dennis Foggia,2017,1,3,25.952590040086875,3.4196322926441534,24.512428272447625,4.27565703196279,KTM RC 250 GP [2017],Moto3
190,Rider,Dennis Foggia,2018,0,18,20.7585587472182,1.4647208125753217,21.781997139857012,2.1554943631572088,KTM RC 250 GP [2018],Moto3
190,Rider,Dennis Foggia,2019,0,18,21.695998350210065,1.112385530327009,21.233415426425235,1.273914751739821,KTM RC 250 GP [2019],Moto3
190,Rider,Dennis Foggia,2020,0,15,21.06933742221816,0.9886550729427945,21.30931660986882,1.0532790405761538,Honda NSF250RW [2020],Moto3
190,Rider,Dennis Foggia,2021,0,18,22.51417986564207,0.9034647306760161,21.648886056788612,0.9464296386312125,Honda NSF250RW [2021],Moto3
190,Rider,Dennis Foggia,2022,0,20,23.37321009070627,0.8454431355801727,22.89358684078964,0.8765948398333948,Honda NSF250RW [2022],Moto3
190,Rider,Dennis Foggia,2025,0,20,21.454570375383128,0.806193684719149,22.488621755146177,0.8288647971173772,KTM RC 250 GP [2025],Moto3
191,Rider,Jaume Masiá,2017,1,4,19.812515862880286,3.0354669442975086,21.318244762003904,4.005083913366812,KTM RC 250 GP [2017],Moto3
191,Rider,Jaume Masiá,2018,0,17,21.66224191868716,1.4660059463918136,20.76243657811519,2.0577586042810823,KTM RC 250 GP [2018],Moto3
191,Rider,Jaume Masiá,2019,0,17,21.808210327019466,1.1319113837975792,21.83682751908188,1.2880992242397815,KTM RC 250 GP [2019],Moto3
191,Rider,Jaume Masiá,2020,0,15,21.94999519789902,1.0040560209854243,21.956913556942084,1.0693073939256896,Honda NSF250RW [2020],Moto3
191,Rider,Jaume Masiá,2021,0,18,21.782375159778578,0.9043786544779328,21.708455768847504,0.9546546628291631,KTM RC 250 GP [2021],Moto3
191,Rider,Jaume Masiá,2022,0,20,21.760653806715382,0.8414462013355585,21.923128579011173,0.875900864694542,KTM RC 250 GP [2022],Moto3
191,Rider,Jaume Masiá,2023,0,17,23.077726152918736,0.8160851402657737,22.402124374306034,0.8308612443862523,Honda NSF250RW [2023],Moto3
192,Rider,Maximilian Kofler,2019,1,2,14.531406769119247,3.0576115542349047,14.996972572289707,3.2656725366190957,KTM RC 250 GP [2019],Moto3
192,Rider,Maximilian Kofler,2020,0,15,11.8753937341686,1.5806744112832043,12.770523624860955,2.181933343038454,KTM RC 250 GP [2020],Moto3
192,Rider,Maximilian Kofler,2021,0,13,12.138962610011037,1.2421803530920223,12.068884961943358,1.4007553078865775,KTM RC 250 GP [2021],Moto3
193,Rider,Tom Booth-Amos,2019,1,19,16.22404297248635,1.4946879825573807,16.432344271532173,2.540288428139489,KTM RC 250 GP [2019],Moto3
195,Rider,Kevin Zannoni,2019,1,2,16.801703306645877,3.4883737804332555,17.53974896885505,3.845961355682562,Honda NSF250RW [2019],Moto3
197,Rider,Tom Toparis,2017,1,2,16.678728243672268,3.987082455981457,17.11553654800875,4.58237080419707,KTM RC 250 GP [2017],Moto3
199,Rider,Kazuki Masaki,2018,1,17,19.21410248892191,1.572883189501178,20.01091923131262,2.615864904414079,KTM RC 250 GP [2018],Moto3
199,Rider,Kazuki Masaki,2019,0,19,18.408480384214194,1.1328083652087737,18.85959725304185,1.330214556678452,KTM RC 250 GP [2019],Moto3
200,Bike,Honda NSF250RW [2018],2018,1,18,26.591886728213055,1.5212839833562561,27.046977345543766,2.6646058683952885,,Moto3
201,Bike,KTM RC 250 GP [2018],2018,1,18,23.84473923932566,1.5219743740538456,23.41256170882534,2.6508370084575716,,Moto3
202,Rider,Makar Yurchenko,2018,1,8,18.98673983353821,2.459748097278931,19.12399641222212,4.0733196702185,Honda NSF250RW [2018],Moto3
202,Rider,Makar Yurchenko,2019,0,18,19.18005501903541,1.3540798243927488,18.52658761721912,1.7969041300458142,KTM RC 250 GP [2019],Moto3
203,Rider,Alonso López González,2018,1,18,15.834043264946766,1.5775885540160393,17.90428674076249,3.067840837808846,Honda NSF250RW [2018],Moto3
203,Rider,Alonso López González,2019,0,18,16.89074297657454,1.1519982691425876,16.28001396657576,1.344768757404044,Honda NSF250RW [2019],Moto3
203,Rider,Alonso López González,2020,0,14,16.96517409455394,1.0129312537185176,16.96613038770187,1.082921727339958,Husqvarna FR 250 GP [2020],Moto3
204,Rider,Ai Ogura,2018,1,4,15.581707643370553,3.085793610659457,17.082952769473426,4.138385926344854,Honda NSF250RW [2018],Moto3
204,Rider,Ai Ogura,2019,0,18,19.76082338978231,1.430848687073115,18.720078501176282,2.038876055891095,Honda NSF250RW [2019],Moto3
204,Rider,Ai Ogura,2020,0,15,21.985373580188426,1.1561660323865532,21.223231657520717,1.2923891965536651,Honda NSF250RW [2020],Moto3
205,Rider,Jeremy Alcoba,2018,1,3,15.271743543026624,3.463063222936363,15.955507404983392,4.406832019895872,Honda NSF250RW [2018],Moto3
205,Rider,Jeremy Alcoba,2019,0,2,15.735764459317167,2.7530585553341287,15.352503635839504,2.9052351302105994,Honda NSF250RW [2019],Moto3
205,Rider,Jeremy Alcoba,2020,0,15,19.368623363810975,1.528633616241137,18.06289614907291,2.0417852337042817,Honda NSF250RW [2020],Moto3
205,Rider,Jeremy Alcoba,2021,0,18,20.067778364918972,1.1397663248730674,19.717186078653707,1.3180533298037687,Honda NSF250RW [2021],Moto3
206,Rider,Stefano Nepa,2018,1,12,16.723735263790438,1.8291878216097557,15.65389909652786,2.9946907220106245,KTM RC 250 GP [2018],Moto3
206,Rider,Stefano Nepa,2019,0,13,18.011345513978135,1.2974614681393741,17.26851131061333,1.5096220645728406,KTM RC 250 GP [2019],Moto3
206,Rider,Stefano Nepa,2020,0,15,18.287420588972573,1.0861305338258256,18.23781531470657,1.1919093612878648,KTM RC 250 GP [2020],Moto3
206,Rider,Stefano Nepa,2021,0,18,18.080368307617857,0.9440913697873957,17.92512625888446,1.0134660801982138,KTM RC 250 GP [2021],Moto3
206,Rider,Stefano Nepa,2022,0,19,18.146278282064014,0.8628282816968693,17.95497437747743,0.9044804839321718,KTM RC 250 GP [2022],Moto3
206,Rider,Stefano Nepa,2023,0,17,18.393808672883928,0.8214507307853709,18.30636365245052,0.8445724840160526,KTM RC 250 GP [2023],Moto3
206,Rider,Stefano Nepa,2024,0,20,17.711410688388813,0.7917683209940901,18.066338867273053,0.8092408169025574,KTM RC 250 GP [2024],Moto3
206,Rider,Stefano Nepa,2025,0,21,16.749891002936934,0.7713688958232993,17.189706271433643,0.7847001702835521,Honda NSF250RW [2025],Moto3
207,Rider,Filip Salac,2019,1,19,18.762506762711734,1.4934281654386887,16.946176346480645,2.5496670955788625,KTM RC 250 GP [2019],Moto3
207,Rider,Filip Salac,2020,0,13,17.876672412056763,1.2156719498895179,17.900797266184217,1.3535050822039318,Honda NSF250RW [2020],Moto3
207,Rider,Filip Salac,2021,0,17,17.701752480258858,1.0202299497290268,17.98355685056896,1.113867757186703,KTM RC 250 GP [2021],Moto3
208,Rider,Yari Montella,2018,1,2,17.629469401196253,3.957897978041573,17.925648898534952,4.546729970718026,Honda NSF250RW [2018],Moto3
211,Rider,Apiwat Wongthananon,2018,1,2,19.203189706950106,3.9492866291842366,20.370603886350466,4.532448817834725,KTM RC 250 GP [2018],Moto3
212,Rider,Celestino Vietti,2018,1,4,23.130346956127593,2.9824518781122857,23.822650546272744,3.9242410647154,KTM RC 250 GP [2018],Moto3
212,Rider,Celestino Vietti,2019,0,19,23.620774854206644,1.3962930631704822,23.78939142578907,1.9839498165610945,KTM RC 250 GP [2019],Moto3
212,Rider,Celestino Vietti,2020,0,15,23.480721862365893,1.14619035014948,23.76206832676652,1.271290611997657,KTM RC 250 GP [2020],Moto3
214,Rider,Can Öncü,2019,1,16,18.751625509175696,1.647018167347479,20.51257581790012,2.8618707906874836,KTM RC 250 GP [2019],Moto3
216,Bike,Honda NSF250RW [2019],2019,1,19,26.762494173996064,1.4810916852652967,26.624287511255233,2.616461894552625,,Moto3
217,Bike,KTM RC 250 GP [2019],2019,1,19,23.528048244271435,1.4830102466182975,23.582804285801075,2.628517181413568,,Moto3
218,Rider,Ryusei Yamanaka,2019,1,4,19.527031345022085,3.278520562264408,19.868405951726395,4.749624969631258,Honda NSF250RW [2019],Moto3
218,Rider,Ryusei Yamanaka,2020,0,15,16.967621026693127,1.5937416518858945,17.99718962595016,2.260293305900447,Honda NSF250RW [2020],Moto3
218,Rider,Ryusei Yamanaka,2021,0,16,16.31791822373939,1.1896727565872005,16.95196287185644,1.374229031120285,KTM RC 250 GP [2021],Moto3
218,Rider,Ryusei Yamanaka,2022,0,20,17.173468362590285,0.9790164524724183,16.817815703981307,1.0791156439478053,KTM RC 250 GP [2022],Moto3
218,Rider,Ryusei Yamanaka,2023,0,17,16.055020122509283,0.8914949601702428,16.638129327576248,0.9363779749490886,Gas Gas RC 250 GP [2023],Moto3
218,Rider,Ryusei Yamanaka,2024,0,20,16.89837578323718,0.8312926534155832,16.47021152527451,0.8633627366411134,KTM RC 250 GP [2024],Moto3
218,Rider,Ryusei Yamanaka,2025,0,20,17.27729507754971,0.7985309256215464,17.04536294594167,0.8179112842476105,KTM RC 250 GP [2025],Moto3
219,Rider,Riccardo Rossi,2019,1,19,14.00929030563742,1.5302150763007287,14.48557392108746,2.999862513163355,Honda NSF250RW [2019],Moto3
219,Rider,Riccardo Rossi,2020,0,14,14.171165388543045,1.213891227373181,13.900789478725295,1.3688954438126275,KTM RC 250 GP [2020],Moto3
219,Rider,Riccardo Rossi,2021,0,17,14.134704962802234,1.016219886778586,14.10883142827319,1.1113679184144205,KTM RC 250 GP [2021],Moto3
219,Rider,Riccardo Rossi,2022,0,20,15.668119404861217,0.8977927609719325,15.096691849372068,0.9566898072642142,Honda NSF250RW [2022],Moto3
219,Rider,Riccardo Rossi,2023,0,17,16.753487798181776,0.8426478886020004,16.082474426195983,0.871991293803504,Honda NSF250RW [2023],Moto3
219,Rider,Riccardo Rossi,2024,0,20,15.35547990102463,0.8032984236963776,16.053963564079776,0.8254109665846158,KTM RC 250 GP [2024],Moto3
219,Rider,Riccardo Rossi,2025,0,20,14.471781131804724,0.78059815078378,14.944149962324397,0.7946752809718128,Honda NSF250RW [2025],Moto3
220,Rider,Sergio Garcia,2019,1,17,18.278907701174774,1.5848009320829943,16.3144419826897,2.784980799674985,Honda NSF250RW [2019],Moto3
220,Rider,Sergio Garcia,2020,0,15,19.27082654573974,1.2226025921232546,18.544289440024066,1.394161899125567,Honda NSF250RW [2020],Moto3
220,Rider,Sergio Garcia,2021,0,16,20.446723687078226,1.0466161704803028,20.12489243306752,1.1332199154029117,Gas Gas RC 250 GP [2021],Moto3
220,Rider,Sergio Garcia,2022,0,20,19.775598976860106,0.9238640075971043,20.35556576536001,0.9872817449346524,Gas Gas RC 250 GP [2022],Moto3
221,Rider,Meikon Kawakami,2019,1,2,18.382783525323163,4.11896978480394,18.871457960892435,4.812360504815856,KTM RC 250 GP [2019],Moto3
224,Rider,Carlos Tatay,2019,1,2,23.292816083130077,4.025027429140668,23.294913862241508,4.650092358920088,KTM RC 250 GP [2019],Moto3
224,Rider,Carlos Tatay,2020,0,15,18.041049598760708,1.6638792540174245,18.546912816374746,2.5308082242026644,KTM RC 250 GP [2020],Moto3
224,Rider,Carlos Tatay,2021,0,14,16.718458096175155,1.253143502522271,17.074330853296512,1.442779718109909,KTM RC 250 GP [2021],Moto3
224,Rider,Carlos Tatay,2022,0,20,16.68020955534156,1.0056999700039575,16.928944006752587,1.1217697348967348,CFAuto [2022],Moto3
226,Rider,Deniz Öncü,2019,1,5,17.774463937182635,2.7114481711901495,19.157078272880362,3.738088330252038,KTM RC 250 GP [2019],Moto3
226,Rider,Deniz Öncü,2020,0,15,18.345004347016697,1.5219778741950536,17.454644000233785,2.0248715508161133,KTM RC 250 GP [2020],Moto3
226,Rider,Deniz Öncü,2021,0,16,18.488651742327626,1.169978892793066,17.808459222510393,1.3314296016027016,KTM RC 250 GP [2021],Moto3
226,Rider,Deniz Öncü,2022,0,20,20.91271867694082,0.9749472430914838,19.81406319881539,1.067554872914876,KTM RC 250 GP [2022],Moto3
226,Rider,Deniz Öncü,2023,0,17,21.821889478744996,0.8962571253591196,21.510522881409837,0.9370749607175597,KTM RC 250 GP [2023],Moto3
227,Rider,Yuki Kunii,2020,1,15,13.360577208076018,1.7161669437378801,13.697185927151194,2.8326233892283605,Honda NSF250RW [2020],Moto3
227,Rider,Yuki Kunii,2021,0,16,14.372736116922248,1.2339572629380098,14.469314513273112,1.449532453877597,Honda NSF250RW [2021],Moto3
230,Rider,Gerard Riu,2022,1,7,13.613187311600313,2.4790678071134136,15.426769962339824,3.4057647159362134,KTM RC 250 GP [2022],Moto3
231,Rider,José García,2019,1,2,14.971506941564911,3.9662360072511174,16.518956659630305,4.54737936651235,Honda NSF250RW [2019],Moto3
231,Rider,José García,2020,0,2,12.226357079044998,3.2474097296077655,12.61323866728258,3.499374183281113,Honda NSF250RW [2020],Moto3
235,Rider,Xavier Artigas,2021,1,16,20.414277058300765,1.6461784138667286,19.655578985957955,2.7055231044469124,Honda NSF250RW [2021],Moto3
235,Rider,Xavier Artigas,2022,0,20,18.982219593351502,1.139739917473867,19.45048734658236,1.363210204190161,CFAuto [2022],Moto3
235,Rider,Xavier Artigas,2023,0,17,18.13760153172293,0.978627719309709,18.576970143689326,1.0574078288825848,CFAuto [2023],Moto3
261,Rider,Jason Dupasquier,2020,1,15,13.813186730000146,1.784484075411023,14.548382685403443,3.434266335816879,KTM RC 250 GP [2020],Moto3
261,Rider,Jason Dupasquier,2021,0,5,14.984397255324051,1.5977451321164649,14.549733000419502,1.6824018852851206,KTM RC 250 GP [2021],Moto3
268,Bike,KTM RC 250 GP [2020],2020,1,14,25.34036215711517,1.7065112717230146,24.995196592188968,2.905176481889661,,Moto3
269,Bike,Honda NSF250RW [2020],2020,1,14,25.058982168247294,1.6904602515726497,25.331838302796996,2.8322943413625565,,Moto3
270,Bike,Husqvarna FR 250 GP [2020],2020,1,14,21.084888577677987,1.6529254925385537,21.751849882510292,2.7416774361076786,,Moto3
271,Rider,Barry Baltus,2020,1,14,14.813675196308104,1.810516653162594,14.877100827118651,3.3645833195158947,KTM RC 250 GP [2020],Moto3
272,Rider,Adrián Fernández,2021,1,18,17.043656059675843,1.5497513122592645,16.395003609363563,2.5935608972480275,Husqvarna FR 250 GP [2021],Moto3
272,Rider,Adrián Fernández,2022,0,19,17.052934101924322,1.1245557166244398,16.835418558056393,1.3158604897167059,KTM RC 250 GP [2022],Moto3
272,Rider,Adrián Fernández,2023,0,7,16.90111253346595,1.043322758632179,16.774128892002782,1.078424766526674,Honda NSF250RW [2023],Moto3
272,Rider,Adrián Fernández,2024,0,20,18.59678116298531,0.9139028851379747,17.923545967596006,0.9772979630442029,Honda NSF250RW [2024],Moto3
272,Rider,Adrián Fernández,2025,0,20,19.24069547125464,0.8446987363886371,18.70898375394606,0.8800972804044733,Honda NSF250RW [2025],Moto3
273,Bike,KTM RC 250 GP [2021],2021,1,18,26.13103014013554,1.5302579641820535,26.63942599521873,2.6693445791652537,,Moto3
274,Rider,Pedro Acosta,2021,1,18,24.965044505996993,1.7168545714401695,29.07814942291413,3.4749226530712427,KTM RC 250 GP [2021],Moto3
275,Bike,Honda NSF250RW [2021],2021,1,18,23.578410347421507,1.5394656926065071,23.284267225990373,2.708935509886575,,Moto3
276,Bike,Gas Gas RC 250 GP [2021],2021,1,18,28.621426643253372,1.6018931297583587,27.39669539942767,2.895775195718498,,Moto3
277,Rider,Izan Guevara,2021,1,18,19.512095495417604,1.6140561427252875,19.451853655684246,3.1199676227807256,Gas Gas RC 250 GP [2021],Moto3
277,Rider,Izan Guevara,2022,0,20,21.04068388217354,1.1795630698095327,20.13592485476083,1.3699607050583276,Gas Gas RC 250 GP [2022],Moto3
278,Bike,Husqvarna FR 250 GP [2021],2021,1,18,22.744299611475803,1.5338537594321466,22.427053386327728,2.7235231014763817,,Moto3
279,Rider,Lorenzo Fellon,2021,1,18,15.743274951045642,1.5854025022924039,16.314027097185868,3.074535956307096,Honda NSF250RW [2021],Moto3
279,Rider,Lorenzo Fellon,2022,0,19,15.635298713682474,1.1371700754183949,15.707306979373854,1.3388922275679507,Honda NSF250RW [2022],Moto3
279,Rider,Lorenzo Fellon,2023,0,11,14.538597850959611,1.0112400860971513,14.855553828638858,1.0657299191212484,KTM RC 250 GP [2023],Moto3
280,Rider,Andi Izdihar,2021,1,16,14.93306725512431,1.701568535113043,16.454875447448984,3.213475044528076,Honda NSF250RW [2021],Moto3
281,Rider,Takuma Matsuyama,2021,1,4,14.566822648434206,3.15569925819862,16.45699936960337,4.151333910990943,Honda NSF250RW [2021],Moto3
282,Rider,Elia Bartolini,2021,1,6,13.725349826514146,2.569034915376415,15.838103420989915,3.676890804458792,KTM RC 250 GP [2021],Moto3
282,Rider,Elia Bartolini,2022,0,20,15.730419547277169,1.3164432868210052,15.325947275374613,1.8017868698418325,KTM RC 250 GP [2022],Moto3
283,Rider,Alberto Surra,2021,1,9,15.375456712951067,2.0856954368567795,15.087777016817025,3.24909611558553,Honda NSF250RW [2021],Moto3
283,Rider,Alberto Surra,2022,0,11,13.815359668800225,1.4807517291102097,14.586482722916985,1.7515266380589636,Honda NSF250RW [2022],Moto3
284,Rider,Daniel Holgado Miralles,2021,1,3,16.386091747146523,3.3982033883144713,17.030198827265252,4.278517723170669,KTM RC 250 GP [2021],Moto3
284,Rider,Daniel Holgado Miralles,2022,0,20,18.008018750499662,1.4005542220744844,16.8938381147805,2.0972971804794507,KTM RC 250 GP [2022],Moto3
284,Rider,Daniel Holgado Miralles,2023,0,17,19.785061777283104,1.1095681859792916,19.5118432030535,1.2497184696349928,KTM RC 250 GP [2023],Moto3
284,Rider,Daniel Holgado Miralles,2024,0,20,20.174266503222753,0.9556583699172393,20.138356324996884,1.0325721322845165,Gas Gas RC 250 GP [2024],Moto3
285,Rider,Joel Kelso,2021,1,4,14.247243959360697,3.0167116763221213,15.294153143810348,4.0119088946020245,KTM RC 250 GP [2021],Moto3
285,Rider,Joel Kelso,2022,0,18,15.389528685728115,1.4223790770951235,15.13184939727552,2.018859674559824,KTM RC 250 GP [2022],Moto3
285,Rider,Joel Kelso,2023,0,16,15.796292410285051,1.1136219311952635,15.099345824182246,1.2511088294604429,CFAuto [2023],Moto3
285,Rider,Joel Kelso,2024,0,20,17.12470054624523,0.945464136754266,16.55856919801412,1.0265557551007147,KTM RC 250 GP [2024],Moto3
285,Rider,Joel Kelso,2025,0,21,18.11050197696007,0.8602070799803194,17.82337776672585,0.9043995112593646,KTM RC 250 GP [2025],Moto3
286,Rider,David Salvador,2021,1,2,13.357546929692655,4.1422449071780285,13.543603006321739,4.788545885439146,Honda NSF250RW [2021],Moto3
286,Rider,David Salvador,2022,0,5,12.573288668253339,2.427898944296155,12.410181054292336,2.9648278365452208,KTM RC 250 GP [2022],Moto3
286,Rider,David Salvador,2023,0,15,12.271164567759905,1.4562377776457558,12.748971614398062,1.8606757310266073,KTM RC 250 GP [2023],Moto3
287,Rider,Syarifuddin Azman,2022,1,4,16.03567376837077,2.786505280421749,16.44920156985,3.419558948367942,Honda NSF250RW [2022],Moto3
287,Rider,Syarifuddin Azman,2023,0,14,11.286163998433375,1.5381415253805675,12.229029673954226,2.038698770565581,KTM RC 250 GP [2023],Moto3
288,Rider,Matteo Bertelle,2022,1,10,15.880353525191737,2.0741927288018496,16.24485984080787,3.089985955401815,KTM RC 250 GP [2022],Moto3
288,Rider,Matteo Bertelle,2023,0,17,16.478437117557508,1.3123472329208317,15.581933350879607,1.6360968720922586,Honda NSF250RW [2023],Moto3
288,Rider,Matteo Bertelle,2024,0,20,16.356718571464725,1.031193241778,16.22471902198584,1.162438719784521,Honda NSF250RW [2024],Moto3
288,Rider,Matteo Bertelle,2025,0,9,16.307806319054954,0.9683257838953667,16.647958617377274,1.0015222881961636,KTM RC 250 GP [2025],Moto3
289,Rider,Mario Aji,2022,1,20,13.90283102318997,1.460846532510506,15.148792982931374,2.4973580053946285,Honda NSF250RW [2022],Moto3
289,Rider,Mario Aji,2023,0,17,12.960766959211595,1.125133922670995,13.565784461082107,1.2792646893104724,Honda NSF250RW [2023],Moto3
290,Rider,David Alonso,2023,1,17,18.273990587880267,1.609701497237176,16.887932083496583,2.4424322386949404,Gas Gas RC 250 GP [2023],Moto3
290,Rider,David Alonso,2024,0,20,22.56666037217328,1.2287555299468504,20.675730936999898,1.3960547384600555,CFAuto [2024],Moto3
291,Rider,José Rueda,2023,1,17,19.259528590730852,1.5428740076068101,19.518910320195886,2.376613641234477,KTM RC 250 GP [2023],Moto3
291,Rider,José Rueda,2024,0,18,19.748899078763653,1.142326720438888,19.51108454128411,1.3215610639280282,KTM RC 250 GP [2024],Moto3
291,Rider,José Rueda,2025,0,20,22.65635841621457,0.9881963986038169,21.511409057398698,1.0637970638344205,KTM RC 250 GP [2025],Moto3
292,Bike,Honda NSF250RW [2022],2022,1,20,23.50087539951743,1.4662552300394633,23.830544298409514,2.682261588847891,,Moto3
293,Bike,Gas Gas RC 250 GP [2022],2022,1,20,30.608169196187685,1.5047314553610915,31.12192931668695,2.6209524108427917,,Moto3
294,Bike,KTM RC 250 GP [2022],2022,1,20,24.82473523451758,1.4570126600994273,24.64842526127046,2.623184977918269,,Moto3
295,Bike,Husqvarna FR 250 GP [2022],2022,1,20,26.57980321592051,1.4335798504108883,25.330762014525384,2.5028605157270216,,Moto3
296,Rider,Diogo Moreira Nascimento,2022,1,19,20.78331159269166,1.5379599564763136,19.47510093198904,3.017490200901964,KTM RC 250 GP [2022],Moto3
296,Rider,Diogo Moreira Nascimento,2023,0,17,19.482251488652576,1.1589088110393804,20.43825485507971,1.3314518209445623,KTM RC 250 GP [2023],Moto3
297,Bike,CFAuto [2022],2022,1,20,24.17780381820478,1.4107297152262983,24.973507134419663,2.4898360880005512,,Moto3
298,Rider,Iván Ortolá,2022,1,20,18.309621580151504,1.4964473997300138,17.525320484681508,2.959584895907703,KTM RC 250 GP [2022],Moto3
298,Rider,Iván Ortolá,2023,0,17,20.204394690710124,1.145177331280445,20.012378402007514,1.3108270697174105,KTM RC 250 GP [2023],Moto3
298,Rider,Iván Ortolá,2024,0,20,21.08722385008059,0.9680007213821976,20.963636696978647,1.054302281089233,KTM RC 250 GP [2024],Moto3
299,Rider,Joshua Whatley,2022,1,19,11.647625616420326,1.541949846960413,12.636387907301588,3.023965131894113,Honda NSF250RW [2022],Moto3
299,Rider,Joshua Whatley,2023,0,16,11.683880755234648,1.1639228961405437,11.471988627976414,1.3289379275362414,Honda NSF250RW [2023],Moto3
299,Rider,Joshua Whatley,2024,0,9,11.415866492662687,1.0747507912006773,11.599733860118612,1.119327302075104,Honda NSF250RW [2024],Moto3
300,Rider,Scott Ogden,2022,1,20,13.893080935999121,1.5026984091462987,15.688060106627793,2.9678473225772994,Honda NSF250RW [2022],Moto3
300,Rider,Scott Ogden,2023,0,16,13.98975633488326,1.1551877633660332,14.0865754711114,1.315149327225215,Honda NSF250RW [2023],Moto3
300,Rider,Scott Ogden,2024,0,20,14.059811026745372,0.9647127203499786,14.007116812615205,1.056184443273012,Honda NSF250RW [2024],Moto3
300,Rider,Scott Ogden,2025,0,22,13.920234803843172,0.8645868858656596,14.117975272208207,0.914609358242393,KTM RC 250 GP [2025],Moto3
301,Rider,Taiyo Furusato,2022,1,18,13.47460246103887,1.5393782709839752,14.94667024778889,2.764101370688094,Honda NSF250RW [2022],Moto3
301,Rider,Taiyo Furusato,2023,0,17,15.693889901441576,1.1536836275191025,14.295487139645246,1.3286963659506372,Honda NSF250RW [2023],Moto3
301,Rider,Taiyo Furusato,2024,0,19,17.580774386655918,0.9746491778196047,16.399646226966052,1.0608817895549463,Honda NSF250RW [2024],Moto3
301,Rider,Taiyo Furusato,2025,0,22,18.209281328658882,0.870685103307798,17.76976986643426,0.9215325531511138,Honda NSF250RW [2025],Moto3
302,Rider,David Muñoz,2022,1,13,20.88801875902155,1.759424418907968,21.68709750671269,2.9042366496682197,KTM RC 250 GP [2022],Moto3
302,Rider,David Muñoz,2023,0,14,19.82855443282692,1.277931282844091,20.53900493877652,1.4859739402678669,KTM RC 250 GP [2023],Moto3
302,Rider,David Muñoz,2024,0,20,19.915643355483226,1.0224278057114198,20.02317618590103,1.142315625872553,KTM RC 250 GP [2024],Moto3
302,Rider,David Muñoz,2025,0,18,20.49202793910089,0.9229807313575332,19.901529196315117,0.972815536083052,KTM RC 250 GP [2025],Moto3
303,Rider,Marcos Uriarte,2025,1,11,12.023285094181423,1.848051672214439,10.606341167829344,2.6396268805327563,KTM RC 250 GP [2025],Moto3
304,Rider,Luca Lunetta,2024,1,19,18.895984602583543,1.4824666958566026,17.060874667088857,2.340585634965009,Honda NSF250RW [2024],Moto3
304,Rider,Luca Lunetta,2025,0,18,18.912073322349624,1.1205990988946364,18.60126902405251,1.286420378337325,Honda NSF250RW [2025],Moto3
305,Rider,Nicola Carraro,2022,1,9,12.491991106081489,2.060870656819173,13.016698259363304,3.165650302661722,KTM RC 250 GP [2022],Moto3
305,Rider,Nicola Carraro,2023,0,3,13.081648686976449,1.802005702118392,12.91947358671222,1.8821660683682875,Honda NSF250RW [2023],Moto3
305,Rider,Nicola Carraro,2024,0,19,13.15525417440134,1.2019033837746893,13.477332016537224,1.462141369755877,KTM RC 250 GP [2024],Moto3
305,Rider,Nicola Carraro,2025,0,20,13.226508525377826,0.9847222819813748,13.061947249640522,1.087224665684883,Honda NSF250RW [2025],Moto3
310,Rider,Filippo Farioli,2023,1,17,12.902679310182569,1.5857958587602101,13.145058305862165,2.6124294194967432,KTM RC 250 GP [2023],Moto3
310,Rider,Filippo Farioli,2024,0,20,13.444572704095426,1.129091158089638,13.266537539569015,1.3330529513621174,Honda NSF250RW [2024],Moto3
311,Rider,David Almansa,2023,1,4,14.058011931536909,3.026394449085672,14.830664345051826,3.797325606972882,Honda NSF250RW [2023],Moto3
311,Rider,David Almansa,2024,0,17,13.387115276928478,1.425559739022241,13.213703369057589,1.958944075065483,Honda NSF250RW [2024],Moto3
311,Rider,David Almansa,2025,0,22,15.848029014226913,1.0518478642908933,14.763932092308158,1.2192309770642387,Honda NSF250RW [2025],Moto3
312,Bike,KTM RC 250 GP [2023],2023,1,17,24.408566585637477,1.5615955841231433,25.086727242341816,2.7184234785067907,,Moto3
313,Bike,Honda NSF250RW [2023],2023,1,17,24.470053121010324,1.5391539956067057,23.715029472728983,2.630100867975725,,Moto3
314,Bike,CFAuto [2023],2023,1,17,24.433673210464157,1.5332944897353626,24.967967073744706,2.708425153840732,,Moto3
315,Bike,Gas Gas RC 250 GP [2023],2023,1,17,29.27669976010874,1.5833279036544554,29.972315008017357,2.7482967021677998,,Moto3
317,Rider,Collin Veijer,2023,1,16,20.118051939913027,1.7316667072088796,19.295717187308323,3.253679296452913,Husqvarna FR 250 GP [2023],Moto3
317,Rider,Collin Veijer,2024,0,20,21.794461214823272,1.1863456774884422,21.298224040744095,1.4273172165735912,Husqvarna FR 250 GP [2024],Moto3
316,Bike,Husqvarna FR 250 GP [2023],2023,1,17,27.80989092598547,1.6325171614926248,26.187793468691485,2.941805728280911,,Moto3
318,Rider,Tatchakorn Buasri,2023,1,4,13.302790898073356,3.075818558004005,14.700940599223838,4.1042942494462,Honda NSF250RW [2023],Moto3
318,Rider,Tatchakorn Buasri,2024,0,19,10.898609450978203,1.4057492194779697,11.334793126053043,2.0115690826886024,Honda NSF250RW [2024],Moto3
318,Rider,Tatchakorn Buasri,2025,0,12,10.557137316690662,1.1741607641870642,10.673128211263764,1.2840117193340772,Honda NSF250RW [2025],Moto3
319,Rider,Danial Syahmi,2023,1,2,13.291200107093976,4.134480373950405,13.609886799630711,4.800255709115432,Honda NSF250RW [2023],Moto3
320,Rider,Noah Dettwiler,2023,1,2,13.37361629772362,4.044101401113163,15.660482103653777,4.631171030880662,KTM RC 250 GP [2023],Moto3
320,Rider,Noah Dettwiler,2024,0,20,9.760046612405578,1.4362702601280448,10.868570857111152,2.2698519481708685,KTM RC 250 GP [2024],Moto3
320,Rider,Noah Dettwiler,2025,0,17,9.722133765640951,1.1014848769419607,9.99063427006409,1.2434613209859828,KTM RC 250 GP [2025],Moto3
321,Rider,Fadillah Aditama,2024,1,3,12.907761655321007,3.0494428812335386,14.073673484955371,3.558620248899951,Honda NSF250RW [2024],Moto3
321,Rider,Fadillah Aditama,2025,0,6,10.68390368175285,2.0037466439357394,11.271773640288153,2.3500764400011307,Honda NSF250RW [2025],Moto3
323,Bike,CFAuto [2024],2024,1,20,30.776754213175657,1.6044479429814138,30.56346173407983,2.9454366860993266,,Moto3
324,Bike,Gas Gas RC 250 GP [2024],2024,1,20,27.393116705830252,1.4930304078936278,28.15446084109923,2.8554216324936337,,Moto3
325,Bike,Honda NSF250RW [2024],2024,1,20,23.781397569232645,1.460127948280655,23.25915284983538,2.6114487850374326,,Moto3
326,Bike,KTM RC 250 GP [2024],2024,1,20,24.60586271157519,1.4372238301331624,24.82845736331489,2.539047326055789,,Moto3
327,Bike,Husqvarna FR 250 GP [2024],2024,1,20,24.420830019382514,1.4458051064766604,25.281074349358207,2.530208657055512,,Moto3
328,Rider,Jacob Roulstone,2024,1,20,12.388887507678644,1.5172868393095238,14.442468728419508,3.010922036905536,Gas Gas RC 250 GP [2024],Moto3
328,Rider,Jacob Roulstone,2025,0,18,13.18261420547522,1.1280182552050735,13.026713298837626,1.2933887487955789,KTM RC 250 GP [2025],Moto3
329,Rider,Joel Esteban,2024,1,19,7.895520907957342,1.5763872318688954,12.110684561286712,3.1002697022498764,CFAuto [2024],Moto3
329,Rider,Joel Esteban,2025,0,7,10.070515055343261,1.3775940836234855,8.831132589060848,1.474364363116337,KTM RC 250 GP [2025],Moto3
330,Rider,Ángel Piqueras,2024,1,20,19.876692629658052,1.5312379202999487,20.534179578448466,2.984927027150958,Honda NSF250RW [2024],Moto3
330,Rider,Ángel Piqueras,2025,0,22,21.7108207652392,1.1064979309908627,21.007591344472516,1.299335894714623,KTM RC 250 GP [2025],Moto3
332,Rider,Xabi Zurutuza,2024,1,18,12.082435836522414,1.5386746248317724,12.79341935935059,2.752576322304421,KTM RC 250 GP [2024],Moto3
333,Rider,Jakob Rosenthaler,2024,1,2,13.6204586053049,4.002686015453716,14.281527817525763,4.599868848219162,Husqvarna FR 250 GP [2024],Moto3
333,Rider,Jakob Rosenthaler,2025,0,5,11.287426292401406,2.6112781649493195,12.02846384736415,3.1769887940176194,KTM RC 250 GP [2025],Moto3
335,Rider,Eddie O'Shea,2024,1,4,12.711011224312383,2.9797875757927303,13.89379598699771,3.931185441762655,Honda NSF250RW [2024],Moto3
335,Rider,Eddie O'Shea,2025,0,22,11.477829380907457,1.3128858422214982,11.0494473488818,1.905913621323739,Honda NSF250RW [2025],Moto3
336,Rider,Álvaro Carpe,2025,1,22,20.60050290517216,1.421340345545383,20.31204807531939,2.457029053604073,KTM RC 250 GP [2025],Moto3
337,Bike,KTM RC 250 GP [2025],2025,1,22,25.80129472464074,1.421743717875465,25.47692674478826,2.63074622735552,,Moto3
338,Bike,Honda NSF250RW [2025],2025,1,22,24.124901692359654,1.3923338537490542,24.53208547643467,2.449281395993496,,Moto3
339,Rider,Ruché Moodley,2025,1,18,12.163476495352436,1.5824409182482522,14.367736836656576,3.0906962759814793,KTM RC 250 GP [2025],Moto3
340,Rider,Adrián Cruces,2025,1,6,14.97968510763296,2.872798963345498,17.756659504839018,4.482090973167991,KTM RC 250 GP [2025],Moto3
341,Rider,Cormac Buchanan,2025,1,21,11.586171237631099,1.477621917544479,14.209713436566469,2.9270587163748734,KTM RC 250 GP [2025],Moto3
342,Rider,Guido Pini,2025,1,21,16.817708495674015,1.473873396277095,16.390824950663273,2.9299948821534603,KTM RC 250 GP [2025],Moto3
343,Rider,Valentín Perrone,2025,1,21,18.36075720393075,1.4819550585871406,17.189290248920152,2.9341302971912087,KTM RC 250 GP [2025],Moto3
344,Rider,Máximo Quiles,2025,1,18,25.770383149687145,1.6181217198360613,25.979836707902052,2.831432510684613,KTM RC 250 GP [2025],Moto3
346,Rider,Leonardo Abruzzo,2025,1,4,11.22734291634773,3.038240621809581,12.954713425371894,3.9864145114091016,Honda NSF250RW [2025],Moto3
347,Rider,Lenoxx Phommara,2025,1,2,12.446165802540952,4.069567579674483,14.548032619575558,4.624536570666274,Honda NSF250RW [2025],Moto3
348,Rider,Marco Morelli,2025,1,8,16.610680182918376,2.173661047195234,16.391423258941277,3.2851516041302946,Honda NSF250RW [2025],Moto3
349,Rider,Casey O'Gorman,2025,1,4,18.04642810392347,2.9787024550850267,17.985988141677364,3.941879685528364,KTM RC 250 GP [2025],Moto3
352,Rider,Zen Mitani,2025,1,3,11.872771190469013,3.4007151332728633,14.04470046798775,4.192146626993699,Honda NSF250RW [2025],Moto3
353,Rider,Brian Uriarte,2025,1,4,15.837037692248252,2.956530859569307,16.431376865791925,3.9031128814412615,KTM RC 250 GP [2025],Moto3
354,Rider,Hakim Danish,2025,1,3,14.753430374765362,3.3437464103311645,14.25700774167288,4.17606751946937,KTM RC 250 GP [2025],Moto3
355,Rider,Jesús Ríos,2025,1,2,17.424276964651124,3.9510748158827673,16.098336321272395,4.54577299127341,Honda NSF250RW [2025],Moto3
