Id,Type,Name,Mean,StdDev,CR.,Races,Last,Bike,Series,Venue
1,Rider,Mick Doohan,45.12462796546257,0.8655454211177684,42.52799170210927,116,1999-04-22,Honda NSR [1999],MotoGP,
2,Bike,Honda NSR [1995],28.871392236324326,1.2999063603105159,24.97167315539278,26,1995-10-05,,MotoGP,
3,Rider,Luca Cadalora,37.55000561047852,0.775153641734604,35.22454468527471,111,2000-08-17,Modenas KR3 [2000],MotoGP,
4,Bike,Yamaha YZR [1995],26.618408025797333,1.2660938019254988,22.820126620020837,26,1995-10-05,,MotoGP,
5,Rider,Daryl Beattie,29.94124624975115,0.90567771768149,27.22421309670668,60,1997-09-25,Suzuki RGV-B1 [1997],MotoGP,
6,Bike,Suzuki RGV-B1 [1995],37.0708015054053,1.295074575741412,33.18557777818106,26,1995-10-05,,MotoGP,
7,Rider,Alex Crivillé,35.477436644553116,0.7321294780608498,33.281048210370564,198,2001-10-31,Honda NSR [2001],MotoGP,
8,Rider,Loris Capirossi,34.60049755523259,0.7373669805881946,32.38839661346801,318,2011-11-04,Ducati Desmosedici GP11 [2011],MotoGP,
9,Rider,Alex Barros,33.88085372318088,0.7290597149308032,31.693674578388467,339,2007-11-02,Ducati Desmosedici GP7 [2007],MotoGP,
10,Rider,Kevin Schwantz,27.718039107892128,2.452155586699832,20.36157234779263,6,1995-04-20,Suzuki RGV-B1 [1995],MotoGP,
11,Rider,Alberto Puig,28.5573578516432,0.8517905155639577,26.001986304951327,71,1997-10-02,Honda NSR [1997],MotoGP,
12,Rider,Shinichi Ito,31.42466761577218,0.8888465988406401,28.75812781925026,64,2011-09-30,Honda RC211V [2011],MotoGP,
13,Rider,Norick Abe,29.33460190026138,0.7248638580937585,27.160010325980103,282,2004-10-29,Yamaha YZR-M1 [2004],MotoGP,
14,Rider,Sean Emmett,21.21887183365947,0.9985852677310592,18.223116030466294,46,1996-09-12,Harris 1996 [1996],MotoGP,
15,Bike,Harris 1996 [1995],23.751179841955246,1.2805276305607176,19.90959695027309,26,1995-10-05,,MotoGP,
16,Rider,Loris Reggiani,28.89536567695224,1.260286644166503,25.114505744452728,26,1995-10-05,Aprilia Rsw2 [1995],MotoGP,
17,Bike,Aprilia Rsw2 [1995],28.89536567695221,1.260286644166503,25.1145057444527,26,1995-10-05,,MotoGP,
18,Rider,Bernard Garcia,22.433882497549497,1.0366768188904325,19.3238520408782,43,1999-09-02,Muz [1999],MotoGP,
19,Bike,ROC V4 [1995],23.189482551545037,1.2593945903005759,19.41129878064331,26,1995-10-05,,MotoGP,
20,Rider,Adrian Bosshard,22.352653589731716,1.0120616189895413,19.31646873276309,45,1996-09-12,ROC V4 [1996],MotoGP,
21,Rider,Lucio Pedercini,24.095053599686064,0.8402093290985889,21.574425612390296,81,1997-10-02,ROC V4 [1997],MotoGP,
22,Rider,Jean-Pierre Jeandat,24.115959401666334,1.0825879470506685,20.86819556051433,39,1996-08-29,Paton Colombo [1996],MotoGP,
23,Bike,Paton Colombo [1995],18.520644900207092,1.2932787965355983,14.640808510600298,24,1995-10-05,,MotoGP,
24,Rider,Juan Borja,29.734311047537737,0.7476670519567705,27.491309891667427,136,1999-10-28,Honda NSR [1999],MotoGP,
25,Rider,Neil Hodgson,25.641994247596475,0.9068989825567771,22.921297299926145,58,2004-10-29,Ducati Desmosedici GP3 [2004],MotoGP,
26,Rider,Marc Garcia,19.65122105898769,1.2692493201610837,15.84347309850444,26,1999-09-16,Honda NSR-V [1999],MotoGP,
27,Rider,Andrew Stroud,14.460181681212473,1.6532690848650176,9.500374426617421,15,1996-10-17,ROC V4 [1996],MotoGP,
28,Rider,Cristiano Migliorati,21.001406420324734,1.2688245925385313,17.19493264270914,25,1995-10-05,Harris 1996 [1995],MotoGP,
29,Rider,Bernard Haenggeli,14.593861151749081,1.2917855515475256,10.718504497106505,25,1995-10-05,ROC V4 [1995],MotoGP,
30,Rider,Frédéric Protat,19.021125817969224,0.8865211955843103,16.361562231216293,82,1997-10-02,ROC V4 [1997],MotoGP,
31,Rider,Martin Craggill,22.29159544295723,2.838663140346024,13.77560602191916,4,1996-10-17,Elf 500 [1996],MotoGP,
32,Rider,Laurent Naveau,18.586000517828733,0.9676773705519547,15.682968406172868,60,1997-10-02,ROC V4 [1997],MotoGP,
33,Rider,James Haydon,20.34396366363209,0.9651955266682984,17.448377083627193,52,2004-10-15,Proton V5 [2004],MotoGP,
34,Rider,Bruno Bonhuil,16.963521211660993,1.4161052051979148,12.715205596067248,20,1995-08-17,ROC V4 [1995],MotoGP,
35,Rider,Eugene McManus,12.82658252050546,0.9665744347802673,9.926859216164658,53,1996-10-17,Yamaha YZR [1996],MotoGP,
36,Rider,Jamie Robinson,14.351753290587622,2.8781636883658055,5.717262225490206,4,1995-03-30,Harris 1996 [1995],MotoGP,
37,Rider,Scott Gray,8.41845188403705,1.5148364829811698,3.873942435093541,21,1995-10-05,Harris 1996 [1995],MotoGP,
38,Rider,Jeremy McWilliams,27.155070992134824,0.7374977675744364,24.942577689411515,178,2005-08-26,Proton V5 [2005],MotoGP,
39,Rider,Takuma Aoki,35.96985118148449,1.1130491964121512,32.63070359224804,34,1997-10-02,Honda NSR-V [1997],MotoGP,
40,Rider,Toshihiko Honma,32.94910906020977,3.6086716972457356,22.123093968472567,2,1995-04-20,Yamaha YZR [1995],MotoGP,
41,Rider,Toshiyuki Arakaki,19.750197624820284,1.357832376926431,15.676700494040992,24,1996-10-17,Paton Colombo [1996],MotoGP,
42,Rider,Jim Filice,13.883410254812077,2.663165655623975,5.893913287940152,5,1995-06-21,Harris 1996 [1995],MotoGP,
43,Rider,Brian Morrison,16.14801897475085,3.630374763801542,5.256894683346225,2,1995-05-04,Harris 1996 [1995],MotoGP,
44,Rider,Niggi Schmassmann,11.95284819030883,3.028371493439259,2.867733709991052,4,1996-07-04,Harris 1996 [1996],MotoGP,
45,Rider,Antonio Irizar,10.22482545395966,4.025658488425548,-1.8521500113169829,2,1995-05-18,Harris 1996 [1995],MotoGP,
46,Rider,Pierfrancesco Chili,32.41671489371379,4.094809179145593,20.132287356277008,2,1995-06-08,Cagiva C594 [1995],MotoGP,
47,Bike,Cagiva C594 [1995],32.41671489371378,4.094809179145593,20.132287356277,2,1995-06-08,,MotoGP,
48,Rider,Scott Russell,23.920575185675027,1.0670373573327545,20.719463113676763,38,1996-10-17,Suzuki RGV-B1 [1996],MotoGP,
49,Rider,Cees Doorakkers,17.943608820999078,4.3769409142550035,4.812786078234067,1,1995-06-21,Harris 1996 [1995],MotoGP,
50,Rider,Marco Papa,8.751742939964199,1.8343327181758373,3.2487447854366867,16,1996-08-29,Paton Colombo [1996],MotoGP,
51,Rider,Philippe Monneret,14.574706021581079,3.7110633304755156,3.4415160301545313,2,1995-07-06,ROC V4 [1995],MotoGP,
52,Rider,Carlos Checa,33.31696668666748,0.730818459818188,31.124511307212913,327,2010-11-05,Ducati Desmosedici GP10 [2010],MotoGP,
53,Rider,Chris Walker,18.48626398228462,1.243332011569149,14.756267947577172,29,2001-07-05,Honda NSR-V [2001],MotoGP,
54,Bike,Honda RS [1995],19.04352578984057,4.492712935673012,5.565386982821533,2,1995-07-20,,MotoGP,
55,Rider,José Kuhn,16.978334710472005,2.1390021553788237,10.561328244335535,8,1995-10-05,ROC V4 [1995],MotoGP,
56,Rider,Lee Pullan,17.12894081016495,2.4064643880986196,9.90954764586909,6,1995-10-05,Harris 1996 [1995],MotoGP,
57,Rider,Enrique de Juan,19.128701081121832,3.575913623135314,8.40096021171589,2,1995-10-05,ROC V4 [1995],MotoGP,
58,Rider,Tadayuki Okada,35.75629110563142,0.7497604926182219,33.50700962777675,141,2008-05-30,Honda NSR [2008],MotoGP,
59,Bike,Honda NSR-V [1996],27.299347599972123,1.18970217806395,23.730241065780273,29,1996-10-17,,MotoGP,
60,Bike,Honda NSR [1996],28.214463614502883,1.2175480006263073,24.56181961262396,29,1996-10-17,,MotoGP,
61,Bike,Yamaha YZR [1996],26.606788295641223,1.21163972907532,22.971869108415262,29,1996-10-17,,MotoGP,
62,Rider,Jean-Michel Bayle,36.391614705312826,0.8256284513078612,33.91472935138924,80,2002-05-31,Yamaha YZR [2002],MotoGP,
63,Bike,Suzuki RGV-B1 [1996],34.353299056964694,1.2022976846708184,30.746406002952238,29,1996-10-17,,MotoGP,
64,Bike,Elf 500 [1996],20.22034352780266,1.2252526601462157,16.544585547364015,29,1996-10-17,,MotoGP,
65,Bike,ROC V4 [1996],22.00226338635385,1.2257135892594684,18.325122618575445,29,1996-10-17,,MotoGP,
66,Bike,Harris 1996 [1996],22.23805351873127,1.3112317830010392,18.304358169728154,27,1996-10-17,,MotoGP,
67,Bike,Paton Colombo [1996],12.905860101311514,1.4593488704824822,8.527813489864068,23,1996-10-17,,MotoGP,
68,Rider,Doriano Romboni,33.79733008639913,1.0291482695485221,30.709885277753564,43,1998-04-02,Muz [1998],MotoGP,
69,Bike,Aprilia Rsw2 [1996],31.552236293680515,1.4899449260164563,27.082401515631148,19,1996-08-29,,MotoGP,
70,Rider,Katsuaki Fujiwara,22.42094355817453,2.1314640676829284,16.026551355125747,8,1998-09-17,Suzuki RGV-89 [1998],MotoGP,
71,Rider,Kenny Roberts Jr.,34.39001858220671,0.736094936727986,32.18173377202275,291,2007-06-08,Yamaha YZR [2007],MotoGP,
72,Rider,Terry Rymer,23.05406550846696,1.7123127798981574,17.91712716877249,13,1996-08-29,Suzuki RGV-B1 [1996],MotoGP,
73,Rider,Jean-Marc Delétang,12.696320905061445,3.1109379450379566,3.363507069947575,4,1996-06-06,ROC V4 [1996],MotoGP,
74,Rider,Florian Ferracci,19.78294765610019,2.9849045302800383,10.828234065260077,4,1996-07-04,Paton Colombo [1996],MotoGP,
75,Rider,Paul Young,9.750461589943313,1.9488007827797356,3.9040592416041067,13,1996-10-17,Harris 1996 [1996],MotoGP,
76,Rider,Marcellino Lucchi,23.287734628655606,3.1689773725562933,13.780802510986726,3,1996-08-15,Aprilia Rsw2 [1996],MotoGP,
77,Rider,Stephane Mertens,11.717318587071938,3.0796673862231487,2.4783164284024917,4,1996-10-17,Harris 1996 [1996],MotoGP,
78,Rider,Peter Goddard,19.930054138204174,1.9739855739100993,14.008097416473875,10,1997-10-02,Suzuki RGV-B1 [1997],MotoGP,
79,Bike,Honda NSR [1997],31.200238492470636,1.2369932628446607,27.489258703936652,30,1997-10-02,,MotoGP,
80,Bike,Yamaha YZR [1997],23.339243483887852,1.1703372722888183,19.8282316670214,30,1997-10-02,,MotoGP,
81,Rider,Nobuatsu Aoki,24.517474484591418,0.7494968470172267,22.268983943539737,217,2008-10-17,Suzuki RGV-B1 [2008],MotoGP,
82,Bike,Honda NSR-V [1997],23.24980217965304,1.167256526955164,19.74803259878755,30,1997-10-02,,MotoGP,
83,Rider,Troy Corser,26.60939169528506,1.661852406576404,21.623834475555846,14,1997-06-25,Yamaha YZR [1997],MotoGP,
84,Bike,Suzuki RGV-B1 [1997],26.29345707131632,1.1747661112584704,22.769158737540906,30,1997-10-02,,MotoGP,
85,Rider,Sete Gibernau,36.947646947043516,0.7426844789955309,34.719593510056924,280,2009-07-04,Ducati Desmosedici GP9 [2009],MotoGP,
86,Bike,Elf 500 [1997],25.315318662039857,1.1637881438317752,21.82395423054453,30,1997-10-02,,MotoGP,
87,Rider,Regis Laconi,30.54294203365952,0.7437554237857382,28.311675762302308,141,2002-11-01,Aprilia RS Cube [2002],MotoGP,
88,Bike,Modenas KR3 [1997],17.306741727074314,1.3906062236358974,13.134923056166622,20,1997-10-02,,MotoGP,
89,Rider,Alessandro Gramigni,22.058930881890408,2.8207661589774737,13.596632404957987,4,1997-04-17,Aprilia Rsw2 [1997],MotoGP,
90,Bike,Aprilia Rsw2 [1997],28.609495462437703,1.1945465479842978,25.02585581848481,30,1997-10-02,,MotoGP,
91,Rider,Jürgen van den Goorbergh,28.962046719710205,0.7339417441741449,26.76022148718777,186,2005-05-13,Honda RC211V [2005],MotoGP,
92,Bike,ROC V4 [1997],17.39261451080195,1.3190726766823915,13.435396480754774,30,1997-10-02,,MotoGP,
93,Rider,Jürgen Fuchs,25.073850451426615,1.1784665083189836,21.538450926469665,30,1997-10-02,Elf 500 [1997],MotoGP,
94,Rider,Kirk McCarthy,25.267766929203734,1.2692709790868015,21.45995399194333,27,1997-10-02,Yamaha YZR [1997],MotoGP,
95,Rider,Anthony Gobert,28.580791972188393,1.237015857481129,24.869744399745006,27,2000-07-06,Modenas KR3 [2000],MotoGP,
96,Rider,Norihiko Fujiwara,32.76186827944348,2.8321066260113663,24.265548401409383,4,1998-04-16,Yamaha YZR [1998],MotoGP,
97,Rider,Francesco Monaco,13.67055813788268,4.032952673474523,1.571700117459109,4,1997-07-03,Paton Colombo [1997],MotoGP,
98,Bike,Paton Colombo [1997],13.67055813788268,4.032952673474523,1.571700117459109,4,1997-07-03,,MotoGP,
99,Rider,Jay Vincent,22.453089168159963,1.6066620702777341,17.63310295732676,18,2001-07-19,Pulse KR4 [2001],MotoGP,
100,Rider,Yukio Kagayama,25.963562819541497,1.2999651488800652,22.0636673729013,24,2004-10-08,Suzuki GSV-R [2004],MotoGP,
101,Bike,Honda NSR [1998],29.03500878550863,1.242866629764835,25.306408896214126,28,1998-10-22,,MotoGP,
102,Rider,Noriyuki Haga,26.5547578935034,0.8790254796002169,23.91768145470275,64,2003-10-31,Aprilia RS Cube [2003],MotoGP,
103,Bike,Yamaha YZR [1998],29.477598076885332,1.2139214784068706,25.83583364166472,28,1998-10-22,,MotoGP,
104,Rider,Kyoji Nanba,28.755048945079942,1.935662577088194,22.94806121381536,10,1998-07-16,Yamaha YZR [1998],MotoGP,
105,Rider,Max Biaggi,36.17591160995617,0.7337951400468098,33.974526189815734,237,2005-11-04,Honda RC211V [2005],MotoGP,
106,Bike,Suzuki RGV-89 [1998],31.649339939133554,1.2125170749106378,28.01178871440164,28,1998-10-22,,MotoGP,
107,Rider,John Kocinski,33.70515042719223,0.9269209732793592,30.92438750735415,54,1999-10-28,Honda NSR [1999],MotoGP,
108,Rider,Simon Crafar,28.894561856561165,1.050401691715718,25.74335678141401,40,1999-07-01,Muz [1999],MotoGP,
109,Rider,Keiichi Kitagawa,24.52011819267791,3.5844885433480154,13.766652562633864,2,1998-04-02,Suzuki RGV-89 [1998],MotoGP,
110,Bike,Honda NSR-V [1998],21.3292466138133,1.2973751242690594,17.43712124100612,28,1998-10-22,,MotoGP,
111,Rider,Matthew Wait,21.780080978411227,1.301861303073232,17.87449706919153,28,1998-10-22,Honda NSR-V [1998],MotoGP,
112,Bike,Muz [1998],24.619585843343614,1.456048347085977,20.251440802085682,20,1998-10-22,,MotoGP,
113,Rider,Garry McCoy,28.93028166224898,0.747834270157792,26.686778851775603,161,2006-10-27,Ilmor X3 [2006],MotoGP,
114,Bike,Modenas KR3 [1998],25.91837898990262,1.2939791425529417,22.036441562243795,24,1998-10-22,,MotoGP,
115,Rider,Ralf Waldmann,30.776100541067823,1.3025816024099603,26.86835573383794,24,1998-10-22,Modenas KR3 [1998],MotoGP,
116,Rider,Scott Smart,19.6729330225704,1.4126020608370724,15.435126840059183,24,1998-10-01,Honda NSR-V [1998],MotoGP,
117,Rider,Sebastien Gimbert,24.86569865236941,0.9286374351406851,22.079786346947355,60,2000-04-27,Honda NSR-V [2000],MotoGP,
118,Rider,Fabio Carpani,12.317405244843215,1.5929376931967283,7.53859216525303,26,1998-10-22,Honda NSR-V [1998],MotoGP,
119,Rider,Russell Wood,14.614833076371124,4.348674436482473,1.568809766923703,2,1998-04-16,Honda NSR-V [1998],MotoGP,
120,Rider,Felisberto Teixeira,16.133294385256136,4.054722833211762,3.9691258856208513,2,1998-04-30,Honda NSR-V [1998],MotoGP,
121,Rider,Eskil Suter,26.406543889539858,1.6390853626080586,21.489287801715683,15,1998-09-17,Muz [1998],MotoGP,
122,Rider,Gianmaria Liverani,19.726881106646818,4.00219626707021,7.720292305436189,2,1998-05-14,Paton Colombo [1998],MotoGP,
123,Bike,Paton Colombo [1998],19.06442471213612,2.993406524105845,10.084205139818584,6,1998-09-17,,MotoGP,
124,Rider,Fernando Cristóbal,14.554675559841732,2.7874305389327194,6.192383943043573,6,1998-07-16,Honda NSR-V [1998],MotoGP,
125,Rider,Jean Philippe Ruggia,28.20551622383384,3.6295865972362553,17.316756432125075,2,1998-06-24,Muz [1998],MotoGP,
126,Rider,John McGuinness,20.153231037556758,2.5223097656726874,12.586301740538696,6,2000-07-06,Honda NSR [2000],MotoGP,
127,Rider,Gregorio Lavilla,21.57626834694265,1.9431291565134305,15.74688087740236,10,2004-10-29,Suzuki GSV-R [2004],MotoGP,
128,Rider,Paolo Tessari,11.159736449407047,2.090082715415369,4.88948830316094,18,2000-09-14,Paton Colombo [2000],MotoGP,
129,Rider,Craig Connell,22.378201686741956,2.5359599531077794,14.770321827418618,6,1998-10-22,Honda NSR-V [1998],MotoGP,
130,Rider,Mark Willis,19.094736064938882,1.1224588166542577,15.727359614976109,42,2001-07-05,Pulse KR4 [2001],MotoGP,
131,Rider,Juan Pablo Gianini,14.021181175879978,4.279692972703178,1.1821022577704419,2,1998-10-22,Honda NSR-V [1998],MotoGP,
132,Bike,Honda NSR [1999],26.05147202789929,1.1432078311800875,22.621848534359028,32,1999-10-28,,MotoGP,
133,Bike,Yamaha YZR [1999],24.228034946401074,1.1282210627004992,20.843371758299575,32,1999-10-28,,MotoGP,
134,Bike,Suzuki RGV-89 [1999],29.095968344505156,1.4806372724356889,24.65405652719809,18,1999-10-07,,MotoGP,
135,Bike,Honda NSR-V [1999],19.644580428401984,1.2145612213041277,16.0008967644896,32,1999-10-28,,MotoGP,
136,Bike,Modenas KR3 [1999],21.81874806497412,1.2206128283941864,18.15690957979156,30,1999-10-28,,MotoGP,
137,Rider,Haruchika Aoki,21.828304259393292,0.9255946717717438,19.05152024407806,58,2001-10-31,Honda NSR [2001],MotoGP,
138,Bike,TSR AC50M [1999],25.953573494588937,1.1474730951663694,22.51115420908983,32,1999-10-28,,MotoGP,
139,Bike,Muz [1999],21.985791633820963,1.1403201790201054,18.564831096760646,32,1999-10-28,,MotoGP,
140,Rider,Tetsuya Harada,25.261310652184143,0.7962826871703802,22.872462590673003,95,2002-11-01,Honda NSR [2002],MotoGP,
141,Bike,Aprilia Rsw2 [1999],31.142941029010355,1.141112223652269,27.719604358053548,32,1999-10-28,,MotoGP,
142,Rider,José Luis Cardoso,19.688486489276755,0.8300549637604778,17.19832159799532,109,2006-10-27,Ducati Desmosedici GP5 [2006],MotoGP,
143,Rider,Michael Rutter,19.401701200436552,1.2377304949518093,15.688509715581123,32,1999-10-28,Honda NSR-V [1999],MotoGP,
144,Rider,Mike Hale,19.944281655387204,1.4787356490420425,15.508074708261077,20,1999-10-28,Modenas KR3 [1999],MotoGP,
145,Rider,Markus Ober,19.491005600668835,1.612981646741919,14.652060660443079,18,1999-07-15,Honda NSR-V [1999],MotoGP,
146,Rider,Noriyasu Numata,23.492745546615915,3.6252932112999288,12.61686591271613,2,1999-04-22,Muz [1999],MotoGP,
147,Rider,Jamie Whitham,23.51431514094,1.8155663680876055,18.067616036677183,12,1999-07-15,Modenas KR3 [1999],MotoGP,
148,Bike,BSL [1999],23.30758554748168,1.6543035970677598,18.3446747562784,15,1999-10-28,,MotoGP,
149,Bike,Suzuki GSV-R [1999],32.92152530513564,1.8000205511438254,27.521463651704163,14,1999-10-28,,MotoGP,
150,Bike,Paton Colombo [1999],16.829048508203485,4.057144946942622,4.657613667375617,4,1999-06-17,,MotoGP,
151,Bike,Suzuki RGV-B1 [1999],27.289112585735097,1.8888271961604834,21.622630997253648,10,1999-10-28,,MotoGP,
152,Rider,David de Gea,22.128989119005027,1.0051977527935967,19.113395860624237,53,2004-07-03,Harris WCM [2004],MotoGP,
153,Rider,Steve Martin,16.25521625044034,2.4002757342031904,9.054389047830771,8,1999-10-28,Honda NSR-V [1999],MotoGP,
154,Bike,Honda NSR [2000],24.66384753321982,1.1879478195566489,21.100004074549872,32,2000-10-25,,MotoGP,
155,Bike,Suzuki RGV-B1 [2000],32.30382933378908,1.166867421217602,28.803227070136277,32,2000-10-25,,MotoGP,
156,Rider,Valentino Rossi,34.230356318283924,0.7375522388632407,32.017699601694204,472,2021-11-12,Yamaha YZR-M1 [2021],MotoGP,
157,Bike,Yamaha YZR-M1 [2000],26.921273830256688,1.1446363790786833,23.487364693020638,31,2000-10-25,,MotoGP,
158,Bike,Yamaha YZR [2000],28.225104057356546,1.14630455150142,24.786190402852284,32,2000-10-25,,MotoGP,
159,Bike,Aprilia Rsw2 [2000],29.20780100082437,1.1417714754369752,25.782486574513445,32,2000-10-25,,MotoGP,
160,Bike,TSR AC50M [2000],25.153048598416984,1.2119649671847907,21.51715369686261,32,2000-10-25,,MotoGP,
161,Bike,Honda NSR-V [2000],18.417841079233288,2.259343029681823,11.639811990187818,8,2000-04-27,,MotoGP,
162,Bike,Modenas KR3 [2000],22.39813049322405,1.2435244156103564,18.66755724639298,30,2000-10-25,,MotoGP,
163,Rider,Yoshiteru Konishi,13.168344270155508,1.3982324034752613,8.973647059729725,28,2000-10-25,TSR AC50M [2000],MotoGP,
164,Rider,Shane Norval,10.076139862461707,2.5123864388051254,2.5389805460463304,10,2000-06-08,Honda NSR [2000],MotoGP,
165,Rider,Akira Ryo,28.61924360152757,1.3863049570036297,24.460328730516682,22,2003-10-10,Suzuki GSV-R [2003],MotoGP,
166,Rider,Sebastien Le Grelle,11.800343138866024,1.819330961575889,6.342350254138357,16,2000-09-14,Honda NSR [2000],MotoGP,
167,Rider,Callum Ramsay,12.501816437847987,4.010883797771909,0.4691650445322608,2,2000-05-25,Honda NSR [2000],MotoGP,
168,Bike,Paton Colombo [2000],19.993217183126358,2.5380569865505516,12.379046223474703,10,2000-09-14,,MotoGP,
169,Rider,Phil Giles,7.741880440538842,2.358781833433817,0.6655349402373902,10,2000-09-14,Honda NSR [2000],MotoGP,
170,Bike,Suzuki RGV-89 [2000],31.118386807047102,3.5442910440081112,20.48551367502277,2,2000-09-14,,MotoGP,
171,Rider,David Tomas,14.025445559005092,2.478040506182799,6.591324040456696,8,2000-10-25,Honda NSR [2000],MotoGP,
172,Rider,Tekkyu Kayoh,20.551341467562654,3.0562388519895194,11.382624911594096,4,2000-10-25,Honda NSR [2000],MotoGP,
173,Bike,Yamaha YZR [2001],29.063558092727988,1.1522788981055352,25.60672139841138,32,2001-10-31,,MotoGP,
174,Bike,Honda NSR [2001],24.12288422397271,1.1928260429836623,20.544406095021724,32,2001-10-31,,MotoGP,
175,Rider,Shinya Nakano,32.199549743680606,0.7341854582655805,29.996993368883864,192,2008-10-24,Honda RCV 212 [2008],MotoGP,
176,Bike,Honda RC211V [2001],27.275205592976764,1.1435693094957862,23.844497664489406,32,2001-10-31,,MotoGP,
177,Rider,Tohru Ukawa,32.52061324383996,0.7848206520382575,30.16615128772519,98,2005-09-16,Honda RC211V [2005],MotoGP,
178,Bike,Suzuki RGV-B1 [2001],24.926093384261662,1.1339875346345654,21.524130780357964,32,2001-10-31,,MotoGP,
179,Bike,Yamaha YZR-M1 [2001],23.57504658485977,1.133527437640282,20.174464271938923,32,2001-10-31,,MotoGP,
180,Bike,Suzuki GSV-R [2001],24.001510178940872,3.605722701721378,13.184342073776739,2,2001-04-05,,MotoGP,
181,Bike,Proton KR3 [2001],26.684056244557738,1.1660305217438376,23.185964679326226,30,2001-10-31,,MotoGP,
182,Bike,Honda NSR-V [2001],27.25200191619453,1.258857808283606,23.475428491343713,32,2001-10-31,,MotoGP,
183,Rider,Olivier Jacque,30.360660960489025,0.7798739195269828,28.021039201908074,103,2007-06-01,Kawasaki ZX-RR [2007],MotoGP,
184,Rider,Leon Haslam,13.78452917511501,1.3477062929179533,9.741410296361149,26,2001-10-31,Honda NSR-V [2001],MotoGP,
185,Rider,Johan Stigefelt,17.711230214260592,1.3121160897532076,13.774881945000969,30,2001-10-18,ROC V4 [2001],MotoGP,
186,Bike,ROC V4 [2001],17.7112302142606,1.3121160897532076,13.774881945000976,30,2001-10-18,,MotoGP,
187,Bike,Pulse KR4 [2001],13.023189185506489,1.7267804247448195,7.84284791127203,17,2001-07-19,,MotoGP,
188,Rider,Barry Veneman,7.228595861843808,1.3776752157021868,3.095570214737248,30,2001-10-31,Honda NSR [2001],MotoGP,
189,Rider,Anthony West,21.266470709907537,0.9664422731518575,18.367143890451963,60,2015-11-06,Honda RC213V-RS [2015],MotoGP,
190,Rider,Jarno Janssen,9.597811773598682,4.0839472893694,-2.654030094509517,2,2001-05-17,Honda NSR [2001],MotoGP,
191,Rider,Brendan Clarke,3.8701758506239745,1.9562194292401183,-1.9984824370963805,15,2001-10-31,Honda NSR-V [2001],MotoGP,
192,Rider,Shaun Geronimi,14.429443532346161,4.542684368112309,0.801390428009233,2,2001-08-23,Paton V594 [2001],MotoGP,
193,Bike,Paton V594 [2001],14.429443532346161,4.542684368112309,0.801390428009233,2,2001-08-23,,MotoGP,
194,Rider,Kurtis Roberts,21.977845953383987,1.3846008152403892,17.82404350766282,29,2007-11-02,Proton V5 [2007],MotoGP,
195,Bike,Proton V5 [2001],24.896444846857555,4.433287534301498,11.596582243953062,1,2001-10-18,,MotoGP,
196,Bike,Honda NSR [2002],24.00306646385167,1.143840922681077,20.57154369580844,32,2002-11-01,,MotoGP,
197,Bike,Honda RC211V [2002],29.642632048128114,1.2023113692129772,26.035697940489182,31,2002-11-01,,MotoGP,
198,Bike,Suzuki GSV-R [2002],21.28390582569314,1.13022431526317,17.89323287990363,32,2002-11-01,,MotoGP,
199,Bike,Yamaha YZR-M1 [2002],28.07400398787827,1.1624093053754951,24.586776071751785,32,2002-11-01,,MotoGP,
200,Rider,Daijiro Kato,34.816413342368136,1.1229743671827048,31.447490240820024,34,2003-04-04,Honda RC211V [2003],MotoGP,
201,Bike,Yamaha YZR [2002],23.2707047149879,1.1628575350880024,19.782132109723893,32,2002-11-01,,MotoGP,
202,Rider,John Hopkins,32.01487280761625,0.7437684670350465,29.78356740651111,159,2011-04-01,Suzuki GSV-R [2011],MotoGP,
203,Bike,Proton KR3 [2002],29.89582306725281,1.1290311302353668,26.508729676546707,32,2002-11-01,,MotoGP,
204,Bike,Aprilia RS Cube [2002],21.490528281437662,1.1330974013395403,18.09123607741904,32,2002-11-01,,MotoGP,
205,Rider,Pere Riba,16.73259120118326,1.868211332430453,11.127957203891903,18,2002-10-04,Yamaha YZR [2002],MotoGP,
206,Rider,Alex Hofmann,26.805791903728423,0.8295606185589413,24.3171100480516,87,2007-09-14,Ducati Desmosedici GP7 [2007],MotoGP,
207,Rider,Sylvain Guintoli,25.74326315368232,1.0258961020737345,22.665574847461116,47,2019-10-18,Suzuki GSX-RR [2019],MotoGP,
208,Rider,Akira Yanagawa,28.288862824845072,2.270901977355937,21.47615689277726,7,2007-09-21,Kawasaki ZX-RR [2007],MotoGP,
209,Bike,Kawasaki Ninja ZX-RR [2002],20.087371420498226,2.266121784881123,13.289006065854856,8,2002-11-01,,MotoGP,
210,Rider,Wataru Yoshikawa,20.30393177188136,3.324970511864297,10.329020236288468,3,2010-07-02,Yamaha YZR-M1 [2010],MotoGP,
211,Rider,Andrew Pitt,25.048829514346558,1.045278240822132,21.912994791880163,45,2007-03-08,Ilmor X3 [2007],MotoGP,
212,Rider,David García,17.763466143176625,3.6876634478090202,6.700475799749565,2,2002-11-01,Proton KR3 [2002],MotoGP,
213,Bike,Honda RC211V [2003],29.400109594355854,1.1617736812661954,25.91478855055727,32,2003-10-31,,MotoGP,
214,Bike,Yamaha YZR-M1 [2003],26.489215659156763,1.1234164704470275,23.11896624781568,32,2003-10-31,,MotoGP,
215,Rider,Makoto Tamada,28.616782065680624,0.779819357365101,26.27732399358532,111,2007-11-02,Yamaha YZR-M1 [2007],MotoGP,
216,Bike,Suzuki GSV-R [2003],22.124180549220213,1.122256580092465,18.75741080894282,32,2003-10-31,,MotoGP,
217,Rider,Colin Edwards,34.0518906462514,0.7516343265435405,31.79698766662078,228,2014-08-09,Suter MMX1 [2014],MotoGP,
218,Bike,Aprilia RS Cube [2003],23.99207660264305,1.1293217133470257,20.60411146260197,32,2003-10-31,,MotoGP,
219,Rider,Troy Bayliss,31.70277265682851,0.83525136519128,29.197018561254673,75,2006-10-27,Ducati Desmosedici GP6 [2006],MotoGP,
220,Bike,Ducati Desmosedici GP3 [2003],30.037580518222157,1.1460357080473909,26.599473394079986,32,2003-10-31,,MotoGP,
221,Rider,Tamaki Serizawa,23.83615385915027,3.086318449776755,14.577198509820004,4,2003-10-03,Moriwaki MD211VF Proto [2003],MotoGP,
222,Bike,Moriwaki MD211VF Proto [2003],23.836153859150276,3.086318449776755,14.577198509820011,4,2003-10-03,,MotoGP,
223,Bike,Kawasaki Ninja ZX-RR [2003],21.467732379615104,1.1599137999282794,17.987990979830265,32,2003-10-31,,MotoGP,
224,Bike,Proton KR3 [2003],25.29374934363884,1.1481603261186342,21.84926836528294,32,2003-10-31,,MotoGP,
225,Rider,Chris Burns,16.509349721508972,1.6270799407282057,11.628109899324354,29,2004-10-29,Harris WCM [2004],MotoGP,
226,Bike,Harris WCM [2003],18.39380536642128,1.7042009881012612,13.281202402117497,19,2003-10-31,,MotoGP,
227,Rider,Nicky Hayden,36.54929529932694,0.7447942805911097,34.31491245755361,249,2016-10-21,Honda RC213V [2016],MotoGP,
228,Rider,Marco Melandri,29.32852274230128,0.7544006611954699,27.065320758714872,163,2015-06-25,Honda RC213V [2015],MotoGP,
229,Rider,Ryuichi Kiyonari,16.197811018141113,1.2839032600917792,12.346101237865776,27,2005-11-04,Honda RC211V [2005],MotoGP,
230,Bike,Yamaha YZR-M1 [2004],28.169409040123096,1.1421162010468078,24.743060436982674,32,2004-10-29,,MotoGP,
231,Bike,Honda RC211V [2004],31.098373303802457,1.1444907594686582,27.66490102539648,32,2004-10-29,,MotoGP,
232,Bike,Ducati Desmosedici GP4 [2004],27.300630289902188,1.1258700053134068,23.923020273961967,32,2004-10-29,,MotoGP,
233,Bike,Suzuki GSV-R [2004],27.623801781445536,1.1679026743006184,24.120093758543682,30,2004-10-29,,MotoGP,
234,Bike,Kawasaki Ninja ZX-RR [2004],27.413243722804655,1.1334184806040635,24.012988280992463,32,2004-10-29,,MotoGP,
235,Rider,Ruben Xaus,26.584295790593348,0.983855819436118,23.632728332284994,49,2005-11-04,Yamaha YZR-M1 [2005],MotoGP,
236,Bike,Ducati Desmosedici GP3 [2004],28.573058493000417,1.1414158021878185,25.14881108643696,32,2004-10-29,,MotoGP,
237,Rider,Shane Byrne,24.400169950240656,1.290421981326989,20.528904006259687,28,2005-09-29,Honda RC211V [2005],MotoGP,
238,Bike,Aprilia RS Cube [2004],24.021437887888084,1.1596729324615311,20.54241909050349,32,2004-10-29,,MotoGP,
239,Bike,Proton V5 [2004],20.12043246486561,1.223060015178993,16.45125241932863,32,2004-10-29,,MotoGP,
240,Rider,Michel Fabrizio,26.472465433153218,1.4550935872603787,22.10718467137208,24,2014-06-13,ART [2014],MotoGP,
241,Bike,Harris WCM [2004],15.046109600434363,1.4640898674416623,10.653839998109376,32,2004-10-29,,MotoGP,
242,Bike,Moriwaki MD211VF Proto [2004],19.21143176443877,2.0058535392481787,13.193871146694235,10,2004-10-29,,MotoGP,
243,Rider,James Ellison,21.192387713382523,1.0173910254694987,18.140214636974026,62,2012-11-09,ART [2012],MotoGP,
244,Rider,Youichi Ui,15.776720683558771,3.38096044219771,5.633839356965641,6,2004-10-15,Harris WCM [2004],MotoGP,
245,Bike,Yamaha YZR-M1 [2005],24.798170300033235,1.5550657286504237,20.132973114081963,17,2005-11-04,,MotoGP,
246,Bike,Honda RC211V [2005],27.97766933126216,1.5285615321598074,23.39198473478274,17,2005-11-04,,MotoGP,
247,Bike,Kawasaki Ninja ZX-RR [2005],26.373898663485633,1.4982534385802033,21.879138347745023,17,2005-11-04,,MotoGP,
248,Bike,Ducati Desmosedici GP5 [2005],27.071318637879532,1.511847930762868,22.53577484559093,17,2005-11-04,,MotoGP,
249,Bike,Suzuki GSV-R [2005],24.737740369325977,1.4997189277453489,20.23858358608993,17,2005-11-04,,MotoGP,
250,Rider,Toni Elías,26.46813431880946,0.8077290839608348,24.04494706692696,104,2015-11-06,Yamaha Forward [2015],MotoGP,
251,Rider,Roberto Rolfo,20.541062600804295,1.5309395798470473,15.948243861263153,21,2012-11-09,ART [2012],MotoGP,
252,Bike,Ducati Desmosedici GP4 [2005],23.795996445726413,1.6712560776212315,18.78222821286272,17,2005-11-04,,MotoGP,
253,Rider,Franco Battaini,14.2933740470502,2.0456728089513416,8.156355620196175,18,2012-07-06,Ducati Desmosedici GP12 [2012],MotoGP,
254,Bike,Blata [2005],17.077648455951554,2.0343967130839697,10.974458316699645,17,2005-11-04,,MotoGP,
255,Bike,Proton V5 [2005],15.960648979041604,2.133796803930086,9.559258567251346,10,2005-11-04,,MotoGP,
256,Bike,Moriwaki MD211VF Proto [2005],19.948556288035693,3.871371606262918,8.33444146924694,2,2005-09-16,,MotoGP,
257,Bike,Harris WCM [2005],13.875950787920603,2.693620005493459,5.7950907714402256,8,2005-11-04,,MotoGP,
258,Rider,David Checa,22.32533439214223,3.2872627454254144,12.463546155865988,3,2005-06-23,Yamaha YZR-M1 [2005],MotoGP,
259,Rider,Naoki Matsudo,24.862497535734313,3.849407131542251,13.314276141107559,2,2006-09-22,Kawasaki Ninja ZX-RR [2006],MotoGP,
260,Rider,Chris Vermeulen,29.675188605717235,0.8715682098743958,27.060483976094048,71,2012-05-18,Suter [2012],MotoGP,
261,Bike,Ducati Desmosedici GP6 [2006],27.674696413919126,1.620324099059275,22.813724116741298,15,2006-10-27,,MotoGP,
262,Bike,Kawasaki Ninja ZX-RR [2006],29.010908746748033,1.5511412133836293,24.357485106597146,16,2006-10-27,,MotoGP,
263,Bike,Honda RC211V [2006],26.016180560982903,1.5611488506288653,21.332734009096306,16,2006-10-27,,MotoGP,
264,Rider,Dani Pedrosa,39.87244755405644,0.7460274181120452,37.63436529972031,226,2024-04-26,KTM RC16 [2024],MotoGP,
265,Rider,Randy de Puniet,34.642840015757535,0.7688539005351867,32.336278314151976,142,2014-11-07,Suzuki GSX-RR [2014],MotoGP,
266,Bike,Yamaha YZR-M1 [2006],24.47990121902385,1.594411928958908,19.696665432147128,16,2006-10-27,,MotoGP,
267,Bike,Suzuki GSV-R [2006],31.05955523480261,1.5634651883339843,26.369159669800656,16,2006-10-27,,MotoGP,
268,Bike,KR 211V [2006],23.7054047013244,4.302979805246723,10.796465285584231,1,2006-03-24,,MotoGP,
269,Rider,Casey Stoner,46.22553922687823,0.8330948107334842,43.72625479467778,113,2012-11-09,Honda RC213V [2012],MotoGP,
270,Bike,Ducati Desmosedici GP5 [2006],19.423669635409595,1.8673917259993296,13.821494457411607,16,2006-10-27,,MotoGP,
271,Rider,Iván Silva,17.24080978162148,1.651055086905178,12.287644520905944,21,2013-06-27,FTR [2013],MotoGP,
272,Rider,Kousuke Akiyoshi,19.000508916984952,2.3262925483149037,12.02163127204024,9,2015-10-09,Honda RC213V-RS [2015],MotoGP,
273,Bike,Ilmor X3 [2006],12.60388329836994,4.157560166606642,0.1312027985500137,2,2006-10-27,,MotoGP,
274,Bike,Yamaha YZR-M1 [2007],26.131409234778683,1.5079998578986318,21.607409661082787,18,2007-11-02,,MotoGP,
275,Bike,Ducati Desmosedici GP7 [2007],23.15515279051348,1.516469711438461,18.605743656198097,18,2007-11-02,,MotoGP,
276,Bike,Honda RCV 212 [2007],26.59437317509556,1.4802711672028248,22.153559673487084,18,2007-11-02,,MotoGP,
277,Bike,Suzuki GSV-R [2007],29.826246581726995,1.4703696244863877,25.41513770826783,18,2007-11-02,,MotoGP,
278,Bike,Kawasaki ZX-RR [2007],30.002505906848768,1.491704420826282,25.52739264436992,18,2007-11-02,,MotoGP,
279,Bike,Yamaha YZR [2007],15.735445247590375,2.3255064587234897,8.758925871419907,7,2007-06-08,,MotoGP,
280,Bike,Ilmor X3 [2007],19.971588964232676,4.827083403840231,5.490338752711985,1,2007-03-08,,MotoGP,
281,Rider,Fonsi Nieto,18.25978711360987,4.760760599716294,3.9775053144609895,1,2007-05-18,Kawasaki ZX-RR [2007],MotoGP,
282,Bike,Proton V5 [2007],20.295455168600157,2.092053597752924,14.019294375341385,13,2007-11-02,,MotoGP,
283,Rider,Roger Lee Hayden,19.922171611840028,3.906734037137702,8.201969500426923,2,2010-07-24,Honda RCV 212 [2010],MotoGP,
284,Rider,Miguel Duhamel,20.306265612783267,4.563081082844032,6.617022364251174,1,2007-07-21,Honda RCV 212 [2007],MotoGP,
285,Rider,Chaz Davies,20.936837535328838,3.175714840401831,11.409693014123345,4,2007-11-02,Ducati Desmosedici GP7 [2007],MotoGP,
286,Bike,Suzuki RGV-B1 [2007],21.667047101283966,4.545378482856086,8.030911652715709,1,2007-10-19,,MotoGP,
287,Rider,Jorge Lorenzo,38.15150084149567,0.755958113062716,35.88362650230752,201,2019-11-15,Honda RC213V [2019],MotoGP,
288,Bike,Yamaha YZR-M1 [2008],28.938771364354828,1.5152386070794788,24.39305554311639,18,2008-10-24,,MotoGP,
289,Rider,James Toseland,26.992327098088424,1.1428715846884319,23.563712344023127,34,2009-11-06,Yamaha YZR-M1 [2009],MotoGP,
290,Bike,Ducati Desmosedici GP8 [2008],22.900306114988165,1.5486903860638366,18.254234956796655,18,2008-10-24,,MotoGP,
291,Bike,Honda RCV 212 [2008],25.765558182662385,1.4849817792030549,21.31061284505322,18,2008-10-24,,MotoGP,
292,Rider,Andrea Dovizioso,34.04717241078707,0.7369189796249097,31.83641547191234,273,2022-09-02,Yamaha YZR-M1 [2022],MotoGP,
293,Bike,Kawasaki ZX-RR [2008],22.842314304099006,1.603482226507797,18.031867624575614,18,2008-10-24,,MotoGP,
294,Bike,Suzuki GSV-R [2008],25.156394142811372,1.4764469257788337,20.727053365474873,18,2008-10-24,,MotoGP,
295,Rider,Alex de Angelis,26.3651738319598,0.9409148270655028,23.542429350763292,60,2015-09-25,ART [2015],MotoGP,
296,Bike,Honda NSR [2008],20.403336526494982,4.343767848853951,7.3720329799331275,1,2008-05-30,,MotoGP,
297,Rider,Ben Spies,37.48058720258708,0.9559716426162137,34.61267227473844,56,2013-04-20,Ducati Desmosedici GP13 [2013],MotoGP,
298,Rider,Jamie Hacking,22.645269906480102,4.578526888146882,8.909689242039455,1,2008-07-19,Kawasaki ZX-RR [2008],MotoGP,
299,Bike,Suzuki RGV-B1 [2008],22.173485633659787,4.451027402854127,8.820403425097407,1,2008-10-17,,MotoGP,
300,Bike,Ducati Desmosedici GP9 [2009],21.892529269799763,1.6288639866121934,17.005937309963183,16,2009-11-06,,MotoGP,
301,Bike,Yamaha YZR-M1 [2009],29.918026038988188,1.6452824036868146,24.982178827927743,16,2009-11-06,,MotoGP,
302,Bike,Honda RCV 212 [2009],27.551239645683808,1.6439066618989757,22.61951965998688,16,2009-11-06,,MotoGP,
303,Bike,Suzuki GSV-R [2009],23.995176291543956,1.5737715712079268,19.273861577920176,16,2009-11-06,,MotoGP,
304,Rider,Mika Kallio,28.576359526037486,1.0572544483391884,25.40459618101992,46,2020-11-21,KTM RC16 [2020],MotoGP,
305,Bike,Kawasaki ZX-RR [2009],22.58621735723144,1.5799763597601122,17.846288277951103,16,2009-11-06,,MotoGP,
306,Rider,Yuki Takahashi,22.218967162150758,2.532349106330069,14.621919843160551,6,2009-06-25,Honda RCV 212 [2009],MotoGP,
307,Rider,Niccolò Canepa,23.681899580712187,1.9355775978913936,17.875166787038005,13,2009-10-02,Ducati Desmosedici GP9 [2009],MotoGP,
308,Rider,Gábor Talmácsi,11.255447335924696,2.5096025421295574,3.726639709536024,12,2009-11-06,Honda RCV 212 [2009],MotoGP,
309,Rider,Aleix Espargaró,38.134231579255655,0.7391728894542052,35.91671291089304,314,2025-11-14,Honda RC213V [2025],MotoGP,
310,Bike,Ducati Desmosedici GP10 [2010],22.290795089522597,1.5733200999131034,17.570834789783287,17,2010-11-05,,MotoGP,
311,Bike,Yamaha YZR-M1 [2010],28.573967340316774,1.570658452811645,23.86199198188184,17,2010-11-05,,MotoGP,
312,Bike,Honda RCV 212 [2010],26.2836039191299,1.5519337843185113,21.627802566174367,17,2010-11-05,,MotoGP,
313,Bike,Suzuki GSV-R [2010],22.753184769855206,1.5414289307108455,18.12889797772267,17,2010-11-05,,MotoGP,
314,Rider,Hiroshi Aoyama,27.91967245402646,0.8723723803936018,25.302555312845655,74,2017-10-13,Honda RC213V [2017],MotoGP,
315,Rider,Álvaro Bautista,29.584272256022565,0.7608812953176368,27.301628370069654,170,2023-11-10,Ducati Desmosedici GP23 [2023],MotoGP,
316,Rider,Marco Simoncelli,36.58622526219614,1.160434967619896,33.10492035933645,34,2011-10-21,Honda RCV 212 [2011],MotoGP,
317,Rider,Héctor Barberá,30.05425482954686,0.7650430641697522,27.759125637037602,139,2017-11-10,Ducati Desmosedici GP14 [2017],MotoGP,
318,Bike,Honda RCV 212 [2011],28.355341212190194,1.576997563199381,23.62434852259205,18,2011-11-04,,MotoGP,
319,Bike,Yamaha YZR-M1 [2011],26.424988096340556,1.5152958818357294,21.87910045083337,18,2011-11-04,,MotoGP,
320,Bike,Ducati Desmosedici GP11 [2011],22.084259409483256,1.4892507520722504,17.616507153266504,18,2011-11-04,,MotoGP,
321,Rider,Cal Crutchlow,38.01901994340633,0.7439166062615925,35.78727012462155,201,2023-09-29,Yamaha YZR-M1 [2023],MotoGP,
322,Rider,Karel Abraham,30.154469807435124,0.7827172650368422,27.806318012324596,121,2019-11-15,Ducati Desmosedici GP18 [2019],MotoGP,
323,Bike,Suzuki GSV-R [2011],27.346799211505175,1.5145950466420806,22.803014071578932,17,2011-11-04,,MotoGP,
324,Bike,Ducati Desmosedici GP8 Sat [2011],20.90087330866187,4.893401377453909,6.220669176300142,1,2011-07-15,,MotoGP,
325,Rider,Ben Bostrom,19.741066079413788,4.827829975475608,5.257576152986964,1,2011-07-23,Honda RCV 212 [2011],MotoGP,
326,Rider,Damian Cudlin,14.309011728076499,2.6851604813138543,6.253530284134936,8,2015-10-23,ART [2015],MotoGP,
327,Bike,Honda RC211V [2011],15.592819769895282,4.766727125560323,1.292638393214311,1,2011-09-30,,MotoGP,
328,Rider,Katsuyuki Nakasuga,22.380457406446585,2.0199239954837127,16.320685419995446,10,2018-10-19,Yamaha YZR-M1 [2018],MotoGP,
329,Rider,Joshua Kurt Hayes,19.734514947788146,4.863245687641863,5.144777884862558,1,2011-11-04,Yamaha YZR-M1 [2011],MotoGP,
330,Bike,Yamaha YZR-M1 [2012],35.536516498018045,1.5539739278278235,30.874594714534574,18,2012-11-09,,MotoGP,
331,Bike,Honda RC213V [2012],34.85029479647369,1.5690366648365797,30.14318480196395,18,2012-11-09,,MotoGP,
332,Bike,Ducati Desmosedici GP12 [2012],27.503350019644575,1.5051247854445036,22.987975663311065,18,2012-11-09,,MotoGP,
333,Rider,Stefan Bradl,31.98283979307596,0.7619602985914979,29.696958897301467,149,2024-11-15,Honda RC213V [2024],MotoGP,
334,Bike,Suter MMX1 [2012],12.812495556060828,1.6279145530646804,7.928751896866787,16,2012-11-09,,MotoGP,
335,Bike,ART [2012],18.677688603921485,1.5497677019347031,14.028385498117377,18,2012-11-09,,MotoGP,
336,Rider,Yonny Hernández,28.028785805462594,0.8232978802069925,25.558892164841616,95,2016-11-11,Ducati Desmosedici GP14 [2016],MotoGP,
337,Bike,BQR [2012],19.49357520332305,1.6371539381085671,14.58211338899735,16,2012-11-09,,MotoGP,
338,Rider,Mattia Pasini,27.288029996324575,1.740576609967754,22.066300166421314,14,2012-09-28,ART [2012],MotoGP,
339,Rider,Danilo Petrucci,32.10589489893904,0.7407047725988088,29.883780581142616,212,2023-05-12,Ducati Desmosedici GP23 [2023],MotoGP,
340,Bike,FTR [2012],20.569053676334867,1.8166253128741057,15.119177737712551,16,2012-11-09,,MotoGP,
341,Rider,Michele Pirro,27.57133059021909,0.8678660618135846,24.96773240477834,79,2025-10-24,Ducati Desmosedici GP25 [2025],MotoGP,
342,Bike,FTR MGP12 [2012],21.985671802488206,1.5569516714436595,17.314816788157227,17,2012-11-09,,MotoGP,
343,Bike,Suter [2012],15.905048415262062,4.652502659395936,1.9475404370742524,1,2012-05-18,,MotoGP,
344,Rider,Steve Rapp,20.336950126565092,4.978087171511631,5.4026886120302,1,2012-08-18,APR [2012],MotoGP,
345,Bike,APR [2012],20.33695012656509,4.978087171511631,5.402688612030197,1,2012-08-18,,MotoGP,
346,Rider,Aaron Yates,18.733564376092954,5.117939613177891,3.3797455365592803,1,2012-08-18,BCL GP212 [2012],MotoGP,
347,Bike,BCL GP212 [2012],18.73356437609295,5.117939613177891,3.379745536559277,1,2012-08-18,,MotoGP,
348,Rider,Jonathan Rea,28.71681833914189,3.6753713986669494,17.690704143141044,2,2012-09-28,Honda RC213V [2012],MotoGP,
349,Rider,David Salom,17.131784567288566,4.371154224664204,4.018321893295953,2,2012-09-28,BQR [2012],MotoGP,
350,Rider,Claudio Corti,21.21823213504694,1.4025784453182681,17.010496799092135,24,2015-09-11,FTR Kawasaki [2015],MotoGP,
351,Bike,Inmotec [2012],18.418263914919667,4.748506467330755,4.172744512927402,1,2012-11-09,,MotoGP,
352,Bike,ART [2013],22.177690612775454,1.2611810146547475,18.39414756881121,31,2013-11-08,,MotoGP,
353,Rider,Andrea Iannone,36.456470774051304,0.7793543701676837,34.118407663548254,131,2024-11-01,Ducati Desmosedici GP23 [2024],MotoGP,
354,Bike,Ducati Desmosedici GP13 [2013],27.006007103211825,1.166135385460099,23.507600946831527,35,2013-11-08,,MotoGP,
355,Rider,Lukáš Pešek,19.05896672313688,1.751722640579983,13.80379880139693,18,2013-11-08,Ioda-Suter [2013],MotoGP,
356,Bike,Ioda-Suter [2013],19.058966723136873,1.751722640579983,13.803798801396923,18,2013-11-08,,MotoGP,
357,Bike,FTR [2013],19.861115635048755,1.5737612334962705,15.139831934559943,18,2013-11-08,,MotoGP,
358,Bike,Ducati [2013],18.55838848536073,2.061139030444681,12.374971394026687,9,2013-09-13,,MotoGP,
359,Bike,Suter MMX1 [2013],20.95540734750867,1.4738171827194995,16.533955799350174,21,2013-11-08,,MotoGP,
360,Bike,FTR Kawasaki [2013],29.86391805532189,1.5023243948510367,25.35694487076878,19,2013-11-08,,MotoGP,
361,Rider,Bryan Staring,20.604756479056554,1.6455590767388937,15.668079248839874,18,2013-11-08,FTR Honda [2013],MotoGP,
362,Bike,FTR Honda [2013],20.604756479056544,1.6455590767388937,15.668079248839863,18,2013-11-08,,MotoGP,
363,Rider,Michael Laverty,23.97701606050107,1.1548625998140563,20.512428261058904,37,2015-07-10,Aprilia RS-GP [2015],MotoGP,
364,Bike,PBM [2013],22.397997669285033,1.5829722060984663,17.649081050989633,18,2013-11-08,,MotoGP,
365,Bike,Yamaha YZR-M1 [2013],36.276762412935184,1.404008335564268,32.06473740624238,25,2013-11-08,,MotoGP,
366,Bike,Honda RC213V [2013],36.836775541381,1.5562495933713676,32.1680267612669,21,2013-11-08,,MotoGP,
367,Rider,Marc Márquez,44.02440499122949,0.7548140431361618,41.759962861821,246,2026-03-20,Ducati Desmosedici GP26 [2026],MotoGP,
368,Rider,Bradley Smith,31.207638037930757,0.7755776126124121,28.88090520009352,133,2020-10-23,Aprilia RS-GP [2020],MotoGP,
369,Rider,Blake Young,16.999598480358895,4.660655570711542,3.017631768224268,2,2013-08-17,APR [2013],MotoGP,
370,Bike,APR [2013],16.999598480358895,4.660655570711542,3.017631768224268,2,2013-08-17,,MotoGP,
371,Rider,Javier del Amor,18.794308231082233,4.84283708009084,4.265796990809713,1,2013-06-14,FTR [2013],MotoGP,
372,Rider,Martin Bauer,16.689001923069334,4.6311227076407615,2.7956338001470495,2,2013-11-08,Suter [2013],MotoGP,
373,Bike,Suter [2013],16.68900192306934,4.6311227076407615,2.7956338001470566,2,2013-11-08,,MotoGP,
374,Rider,Luca Scassa,22.045774652568483,2.7129071389245905,13.907053235794711,5,2013-11-08,ART [2013],MotoGP,
375,Rider,Pol Espargaró,36.28227724047068,0.7402952154906708,34.061391593998664,224,2025-11-07,KTM RC16 [2025],MotoGP,
376,Bike,Yamaha YZR-M1 [2014],34.03474964455459,1.4206345311659085,29.77284605105686,22,2014-11-07,,MotoGP,
377,Bike,Ducati Desmosedici GP14 [2014],28.408201334061413,1.1254080346755644,25.03197723003472,36,2014-11-07,,MotoGP,
378,Bike,Honda RC213V-RS [2014],24.219792719004854,1.6663324074316648,19.22079549670986,16,2014-11-07,,MotoGP,
379,Bike,Suter MMX1 [2014],23.43624652409711,1.978664865695476,17.500251927010684,10,2014-08-09,,MotoGP,
380,Bike,Honda RCV1000R [2014],30.352910308809065,1.4279843351016066,26.068957303504245,22,2014-11-07,,MotoGP,
381,Rider,Scott Redding,30.534276674001372,0.8257591235800023,28.056999303261364,93,2018-11-16,Aprilia RS-GP [2018],MotoGP,
382,Bike,Ducati Desmosedici GP13 [2014],33.27404555508307,1.419216980975347,29.01639461215703,22,2014-11-07,,MotoGP,
383,Bike,Ducati [2014],26.490812748549494,1.5096852751799748,21.96175692300957,18,2014-11-07,,MotoGP,
384,Bike,ART [2014],16.887953575120264,1.6964001832053277,11.798753025504281,16,2014-11-07,,MotoGP,
385,Rider,Broc Parkes,21.44080016861006,1.5818636624755147,16.695209181183515,20,2017-10-20,Yamaha YZR-M1 [2017],MotoGP,
386,Bike,PBM [2014],23.76611825759553,1.6166790482242026,18.91608111292292,18,2014-11-07,,MotoGP,
387,Rider,Mike Di Meglio,23.383275290220375,1.1898866875286942,19.813615227634294,36,2015-11-06,Avintia [2015],MotoGP,
388,Bike,Avintia [2014],19.842030207200832,1.7051125906026177,14.726692435392978,18,2014-11-07,,MotoGP,
389,Bike,Honda RC213V [2014],35.67700649667854,1.2664624611600814,31.877619113198293,32,2014-11-07,,MotoGP,
390,Bike,Forward Yamaha [2014],28.975065153155942,1.246744340259086,25.234832132378685,29,2014-11-07,,MotoGP,
391,Rider,Leon Camier,25.61133579052413,2.90367335937648,16.90031571239469,4,2014-09-12,Honda RCV1000R [2014],MotoGP,
392,Bike,Suzuki GSX-RR [2014],21.759014228074864,4.368296664594315,8.65412423429192,1,2014-11-07,,MotoGP,
393,Bike,Ducati Desmosedici GP14 [2015],31.16596083099893,1.1526315095440112,27.708066302366895,34,2015-11-06,,MotoGP,
394,Bike,Yamaha YZR-M1 [2015],32.85495970829533,1.3652295974122204,28.75927091605867,24,2015-11-06,,MotoGP,
395,Rider,Maverick Viñales,36.96385749885548,0.7443979465169175,34.73066365930473,241,2026-03-20,KTM RC16 [2026],MotoGP,
396,Bike,Suzuki GSX-RR [2015],27.706691464373325,1.2036930153986867,24.095612418177264,32,2015-11-06,,MotoGP,
397,Bike,Honda RC213V [2015],27.46998704152284,1.1289985625077557,24.082991353999574,36,2015-11-06,,MotoGP,
398,Bike,Avintia [2015],28.533399560065362,1.5162178082803142,23.98474613522442,18,2015-11-06,,MotoGP,
399,Bike,Honda RC213V-RS [2015],18.660851005544703,1.5112437180461502,14.127119851406253,18,2015-11-06,,MotoGP,
400,Bike,Yamaha Forward [2015],26.3318059924045,1.5410261678946329,21.7087274887206,17,2015-11-06,,MotoGP,
401,Rider,Eugene Laverty,25.438222922522765,1.0935475290581569,22.157580335348296,38,2016-11-11,Ducati Desmosedici GP14 [2016],MotoGP,
402,Rider,Jack Miller,38.10253768293034,0.7404379372421914,35.881223871203765,244,2026-03-20,Yamaha YZR-M1 [2026],MotoGP,
403,Rider,Loris Baz,26.789702270541838,1.0194817521076924,23.731257014218762,48,2018-08-24,KTM RC16 [2018],MotoGP,
404,Bike,ART [2015],19.185865681578157,1.7228066253510537,14.017445805524996,17,2015-11-06,,MotoGP,
405,Bike,Ducati Desmosedici GP15 [2015],31.534735881425235,1.4000368772450396,27.334625249690117,22,2015-11-06,,MotoGP,
406,Bike,Ducati Desmosedici GP13 [2015],35.97726538860193,3.1714532512655804,26.46290563480519,3,2015-11-06,,MotoGP,
407,Bike,Aprilia RS-GP [2015],25.9700745124465,1.9451344078709858,20.134671288833545,10,2015-11-06,,MotoGP,
408,Bike,FTR Kawasaki [2015],22.931289035543138,3.0840779311817412,13.679055241997915,4,2015-09-11,,MotoGP,
409,Rider,Takumi Takahashi,26.802926989329723,4.332824109486708,13.804454660869599,1,2015-10-09,Honda RC213V [2015],MotoGP,
410,Bike,Honda RC213V [2016],26.49031577601727,1.151938881120477,23.03449913265584,36,2016-11-11,,MotoGP,
411,Bike,Yamaha YZR-M1 [2016],33.325161789229426,1.1902468981325158,29.75442109483188,33,2016-11-11,,MotoGP,
412,Bike,Ducati Desmosedici GP14 [2016],32.51721331679709,1.244199144785871,28.78461588243948,30,2016-11-11,,MotoGP,
413,Bike,Suzuki GSX-RR [2016],29.144440918825083,1.333656801121838,25.14347051545957,24,2016-11-11,,MotoGP,
414,Rider,Tito Rabat,26.607105245268816,0.8809600043450575,23.964225232233645,79,2021-05-14,Ducati Desmosedici GP21 [2021],MotoGP,
415,Bike,Aprilia RS-GP [2016],26.2157134379571,1.531868643162821,21.620107508468635,18,2016-11-11,,MotoGP,
416,Bike,Ducati Desmosedici GP16 [2016],32.4974236930955,1.4352024499150866,28.19181634335024,20,2016-11-11,,MotoGP,
417,Bike,Ducati Desmosedici GP15 [2016],31.760385106847107,1.284116838691687,27.908034590772047,27,2016-11-11,,MotoGP,
418,Bike,Ducati Desmosedici GP13 [2016],32.8291305204162,2.691127328878703,24.755748533780093,5,2016-09-23,,MotoGP,
419,Rider,Alex Lowes,27.394198795497214,3.671235258903209,16.38049301878759,2,2016-09-09,Yamaha YZR-M1 [2016],MotoGP,
420,Bike,Avintia [2016],29.004653254664053,3.773517101475429,17.684101950237768,2,2016-09-09,,MotoGP,
421,Rider,Xavi Forés,19.692863360370808,4.820995574301398,5.229876637466614,1,2016-09-09,Ducati Desmosedici GP14 [2016],MotoGP,
422,Rider,Mike Jones,20.064903898505257,3.4876308798023525,9.6020112590982,3,2018-10-26,Ducati Desmosedici GP16 [2018],MotoGP,
423,Bike,KTM RC16 [2016],24.59621587361503,4.40933603790809,11.368207759890762,1,2016-11-11,,MotoGP,
424,Bike,Honda RC213V [2017],23.923399846409847,1.2649243775188168,20.128626713853397,28,2017-11-10,,MotoGP,
425,Bike,Yamaha YZR-M1 [2017],27.328205905949833,1.3340642433918661,23.326013175774236,26,2017-11-10,,MotoGP,
426,Bike,Ducati Desmosedici GP15 [2017],26.097648035514883,1.3313011004846471,22.103744734060943,24,2017-11-10,,MotoGP,
427,Rider,Johann Zarco,38.3791548964227,0.7489509900017577,36.132301926417426,221,2026-03-20,Honda RC213V [2026],MotoGP,
428,Bike,Ducati Desmosedici GP17 [2017],28.265205073442118,1.31598809046349,24.31724080205165,25,2017-11-10,,MotoGP,
429,Bike,KTM RC16 [2017],23.073176594936967,1.4324978940024555,18.7756829129296,21,2017-11-10,,MotoGP,
430,Bike,Ducati Desmosedici GP14 [2017],26.407985277063865,1.5187924825622783,21.85160782937703,18,2017-11-10,,MotoGP,
431,Rider,Sam Lowes,27.71887750737554,1.7702305933805043,22.408185727234027,15,2017-11-10,Aprilia RS-GP [2017],MotoGP,
432,Bike,Aprilia RS-GP [2017],20.20806591128162,1.3419663298160462,16.182166921833478,26,2017-11-10,,MotoGP,
433,Rider,Álex Rins,35.71668870493558,0.7455566091491064,33.480018877488256,197,2026-03-20,Yamaha YZR-M1 [2026],MotoGP,
434,Bike,Suzuki GSX-RR [2017],19.634148445856034,1.5025154100875269,15.126602215593454,19,2017-11-10,,MotoGP,
435,Bike,Ducati Desmosedici GP16 [2017],26.961636801729924,1.6060218656229228,22.143571204861153,16,2017-11-10,,MotoGP,
436,Rider,Jonas Folger,28.06822057289988,1.6685902048577574,23.062449958326606,16,2023-06-23,KTM RC16 [2023],MotoGP,
437,Bike,Ducati Desmosedici GP13 [2017],29.24643398838834,3.683294121287872,18.196551624524723,2,2017-09-08,,MotoGP,
438,Rider,Kohta Nozane,19.072503872894437,4.788805696536802,4.706086783284029,1,2017-10-13,Yamaha YZR-M1 [2017],MotoGP,
439,Rider,Michael van der Mark,16.466512434333488,4.285593311482844,3.609732499884956,2,2017-11-10,Yamaha YZR-M1 [2017],MotoGP,
440,Bike,Ducati Desmosedici GP17 [2018],26.830200195615536,1.114178992208312,23.487663218990598,37,2018-11-16,,MotoGP,
441,Bike,Yamaha YZR-M1 [2018],26.93479653758758,1.1155480902367663,23.58815226687728,37,2018-11-16,,MotoGP,
442,Bike,Aprilia RS-GP [2018],19.557088037871587,1.349449478630603,15.508739601979778,24,2018-11-16,,MotoGP,
443,Rider,Franco Morbidelli,35.44962779786266,0.7473141266806802,33.20768541782062,187,2026-03-20,Ducati Desmosedici GP24 [2026],MotoGP,
444,Bike,Honda RC213V [2018],23.31095245160077,1.1059056996479713,19.993235352656857,38,2018-11-16,,MotoGP,
445,Rider,Hafizh Syahrin,26.752009485165768,1.1275649078457193,23.36931476162861,38,2019-11-15,KTM RC16 [2019],MotoGP,
446,Rider,Thomas Luthi,27.367613115204943,1.4814532661755127,22.923253316678405,19,2018-11-16,Honda RC213V [2018],MotoGP,
447,Bike,Ducati Desmosedici GP16 [2018],20.055224498298323,1.6167011100448112,15.205121168163888,19,2018-11-16,,MotoGP,
448,Bike,KTM RC16 [2018],24.395937421440735,1.3445935608904314,20.362156738769443,23,2018-11-16,,MotoGP,
449,Rider,Takaaki Nakagami,35.02081688933665,0.7533056833686673,32.760899839230646,170,2025-09-26,Honda RC213V [2025],MotoGP,
450,Rider,Xavier Simeon,23.653191604787498,1.6730576392083456,18.63401868716246,18,2018-11-02,Ducati Desmosedici GP17 [2018],MotoGP,
451,Bike,Ducati Desmosedici GP18 [2018],32.172282912666354,1.2537902121282247,28.410912276281678,29,2018-11-16,,MotoGP,
452,Bike,Suzuki GSX-RR [2018],26.868607639612634,1.2252258503352824,23.192930088606786,29,2018-11-16,,MotoGP,
453,Rider,Christophe Ponsson,21.316515979732543,4.964519586472424,6.422957220315272,1,2018-09-07,Ducati Desmosedici GP16 [2018],MotoGP,
454,Rider,Jordi Torres,23.374632868032865,2.941037801551091,14.551519463379591,5,2018-11-16,Ducati Desmosedici GP16 [2018],MotoGP,
455,Bike,Honda RC213V [2019],25.251224383566704,1.125217901739884,21.875570678347053,37,2019-11-15,,MotoGP,
456,Rider,Francesco Bagnaia,40.82974329781339,0.765793111061263,38.532363964629596,175,2026-03-20,Ducati Desmosedici GP26 [2026],MotoGP,
457,Bike,Ducati Desmosedici GP18 [2019],23.08007127067098,1.3553675697673928,19.013968561368802,24,2019-11-15,,MotoGP,
458,Bike,Yamaha YZR-M1 [2019],30.13326888221717,1.2813875989110197,26.28910608548411,29,2019-11-15,,MotoGP,
459,Bike,KTM RC16 [2019],22.375374799883588,1.2230227815838917,18.706306455131912,31,2019-11-15,,MotoGP,
460,Rider,Miguel Oliveira,35.948235523867694,0.7469384923879268,33.707420046703916,165,2025-11-14,Yamaha YZR-M1 [2025],MotoGP,
461,Bike,Aprilia RS-GP [2019],17.938228912462954,1.3364746955868567,13.928804825702382,26,2019-11-15,,MotoGP,
462,Bike,Ducati Desmosedici GP19 [2019],30.549675803663593,1.2198199670651557,26.890215902468125,30,2019-11-15,,MotoGP,
463,Rider,Fabio Quartararo,44.12770410130469,0.756288554789232,41.85883843693699,178,2026-03-20,Yamaha YZR-M1 [2026],MotoGP,
464,Bike,Suzuki GSX-RR [2019],26.728346085821773,1.2197386375344994,23.069130173218277,30,2019-11-15,,MotoGP,
465,Rider,Joan Mir,36.13227718039235,0.7528174228917811,33.87382491171701,163,2026-03-20,Honda RC213V [2026],MotoGP,
466,Rider,Iker Lecuona,32.766072823559625,0.9319966910474491,29.970082750417276,57,2023-11-17,Honda RC213V [2023],MotoGP,
467,Bike,Suzuki GSX-RR [2020],25.770768008597383,1.36259785063883,21.682974456680892,23,2020-11-21,,MotoGP,
468,Bike,KTM RC16 [2020],27.112341044978397,1.2233860715618143,23.442182830292953,30,2020-11-21,,MotoGP,
469,Rider,Brad Binder,38.02670380977488,0.7504087841926415,35.775477457196956,161,2026-03-20,KTM RC16 [2026],MotoGP,
470,Bike,Ducati Desmosedici GP20 [2020],28.11752020848143,1.2225420295433638,24.44989411985134,29,2020-11-21,,MotoGP,
471,Bike,Honda RC213V [2020],25.218003267903157,1.2296058530684202,21.529185708697895,29,2020-11-21,,MotoGP,
472,Bike,Aprilia RS-GP [2020],24.300248929728767,1.461114167436428,19.916906427419484,20,2020-11-21,,MotoGP,
473,Bike,Ducati Desmosedici GP19 [2020],26.277614403251846,1.315276600888514,22.331784600586303,26,2020-11-21,,MotoGP,
474,Rider,Álex Márquez,35.33005992490746,0.7573843242377486,33.057906952194216,158,2026-03-20,Ducati Desmosedici GP26 [2026],MotoGP,
475,Bike,Yamaha YZR-M1 [2020],27.694497200417484,1.3913382502572051,23.52048244964587,22,2020-11-21,,MotoGP,
476,Rider,Lorenzo Savadori,23.53564736082391,0.9653198080755354,20.6396879365973,62,2025-11-07,Aprilia RS-GP25 [2025],MotoGP,
477,Bike,Ducati Desmosedici GP21 [2021],25.32134322888384,1.0174224062082486,22.269076010259095,48,2021-11-12,,MotoGP,
478,Bike,Yamaha YZR-M1 [2021],19.270814058412448,0.984886137740763,16.316155645190157,51,2021-11-12,,MotoGP,
479,Bike,Aprilia RS-GP [2021],18.90407456264757,0.9907539247352831,15.93181278844172,49,2021-11-12,,MotoGP,
480,Bike,Suzuki GSX-RR [2021],22.5402821107145,0.9954649525595748,19.553887253035775,46,2021-11-12,,MotoGP,
481,Bike,Honda RC213V [2021],18.558168366426305,0.9429627467057048,15.72928012630919,54,2021-11-12,,MotoGP,
482,Rider,Enea Bastianini,35.11265614875693,0.7663428968456018,32.813627458220125,131,2026-03-20,KTM RC16 [2026],MotoGP,
483,Bike,Ducati Desmosedici GP19 [2021],17.996601717328694,1.0213050389341143,14.932686600526353,43,2021-11-12,,MotoGP,
484,Rider,Jorge Martín,39.27029295662298,0.7953459543211734,36.88425509365946,113,2026-03-20,Aprilia RS-GP26 [2026],MotoGP,
485,Bike,KTM RC16 [2021],17.425881698647625,0.9577761757745988,14.55255317132383,52,2021-11-12,,MotoGP,
486,Rider,Luca Marini,36.71663371658466,0.7621962563163119,34.43004494763572,136,2026-03-20,Honda RC213V [2026],MotoGP,
487,Rider,Garrett Gerloff,20.329839867982216,4.570544210619051,6.618207236125063,2,2021-06-25,Yamaha YZR-M1 [2021],MotoGP,
488,Rider,Jake Dixon,18.04916134982967,4.05167852239256,5.89412578265199,4,2021-09-10,Yamaha YZR-M1 [2021],MotoGP,
489,Bike,Ducati Desmosedici GP22 [2022],32.44199827771356,1.0104113521891387,29.41076422114614,47,2022-11-04,,MotoGP,
490,Bike,Ducati Desmosedici GP21 [2022],31.4048901517188,0.971077701364767,28.4916570476245,49,2022-11-04,,MotoGP,
491,Bike,Honda RC213V [2022],25.45054671728266,0.9942779742095549,22.467712794653995,48,2022-11-04,,MotoGP,
492,Bike,Aprilia RS-GP [2022],30.2041367144725,1.0297955909929297,27.114749941493713,43,2022-11-04,,MotoGP,
493,Bike,KTM RC16 [2022],24.99896703141353,1.0350079967587595,21.893943041137252,43,2022-11-04,,MotoGP,
494,Bike,Suzuki GSX-RR [2022],28.4983666170689,1.0318552270328634,25.40280093597031,43,2022-11-04,,MotoGP,
495,Bike,Yamaha YZR-M1 [2022],25.365163450186543,0.967762379896126,22.461876310498166,52,2022-11-04,,MotoGP,
496,Rider,Marco Bezzecchi,38.01298790853934,0.8019062864913552,35.60726904906527,105,2026-03-20,Aprilia RS-GP26 [2026],MotoGP,
497,Rider,Fabio Di Giannantonio,35.33425366195876,0.7961867579268266,32.945693388178285,105,2026-03-20,Ducati Desmosedici GP26 [2026],MotoGP,
498,Rider,Remy Gardner,30.316085560112473,1.1364168896469242,26.9068348911717,35,2024-10-04,Yamaha YZR-M1 [2024],MotoGP,
499,Rider,Raúl Fernández,32.79355433219114,0.7991557099880393,30.396087202227026,105,2026-03-20,Aprilia RS-GP26 [2026],MotoGP,
500,Rider,Darryn Binder,24.39350584097807,1.2750166089985657,20.56845601398237,32,2022-11-04,Yamaha YZR-M1 [2022],MotoGP,
501,Rider,Kazuki Watanabe,24.122320072329433,4.392586934167217,10.944559269827781,1,2022-09-02,Suzuki GSX-RR [2022],MotoGP,
502,Rider,Tetsuta Nagashima,26.25270164935178,3.030013158281134,17.16266217450838,4,2022-10-21,Honda RC213V [2022],MotoGP,
503,Rider,Takuya Tsuda,26.118411015960728,4.3531087308659115,13.059084823362994,1,2022-09-23,Suzuki GSX-RR [2022],MotoGP,
504,Bike,Honda RC213V [2023],18.990164276963256,1.12620199634745,15.611558287920905,36,2023-11-24,,MotoGP,
505,Bike,Aprilia RS-GP [2023],23.86651943164178,1.0745196815693039,20.64296038693387,40,2023-11-24,,MotoGP,
506,Bike,Ducati Desmosedici GP22 [2023],27.094957579565072,1.0880442594190414,23.830824801307948,39,2023-11-24,,MotoGP,
507,Bike,KTM RC16 [2023],23.509795811223633,1.0986202436457113,20.213935080286497,38,2023-11-24,,MotoGP,
508,Bike,Yamaha YZR-M1 [2023],19.0667872688472,1.1767442575533795,15.536554496187062,31,2023-11-24,,MotoGP,
509,Rider,Augusto Fernández,30.479839905715114,0.9986189854778925,27.483982949281437,50,2025-11-14,Yamaha YZR-M1 [2025],MotoGP,
510,Bike,Ducati Desmosedici GP23 [2023],24.812330304292356,1.1452688954795325,21.37652361785376,36,2023-11-24,,MotoGP,
511,Bike,Aprilia RS-GP [2024],33.645330685556196,1.0958783140927808,30.357695743277855,39,2024-11-15,,MotoGP,
512,Bike,KTM RC16 [2024],30.33217503840122,1.070658873648772,27.120198417454905,40,2024-11-15,,MotoGP,
513,Bike,Honda RC213V [2024],23.667624661050553,1.3401503703613062,19.647173549966634,25,2024-11-15,,MotoGP,
514,Bike,Ducati Desmosedici GP23 [2024],33.12007966338118,1.1228652266090176,29.75148398355413,36,2024-11-15,,MotoGP,
515,Bike,Yamaha YZR-M1 [2024],24.63248969946987,1.2290284560884517,20.945404331204514,29,2024-11-15,,MotoGP,
516,Bike,Ducati Desmosedici GP24 [2024],37.090547854900684,1.2524582508332882,33.33317310240082,30,2024-11-15,,MotoGP,
517,Rider,Pedro Acosta,41.48011536432772,1.007108507722334,38.45878984116072,47,2026-03-20,KTM RC16 [2026],MotoGP,
518,Bike,Ducati Desmosedici GP25 [2025],28.68886927583464,1.183898737985339,25.137173061878624,34,2025-11-14,,MotoGP,
519,Bike,Yamaha YZR-M1 [2025],24.754534803648752,1.0453209618395687,21.618571918130048,43,2025-11-14,,MotoGP,
520,Bike,KTM RC16 [2025],23.291457648732578,1.0379817049809579,20.177512533789706,43,2025-11-14,,MotoGP,
521,Rider,Fermín Aldeguer,31.465082413347908,1.2711724696460727,27.65156500440969,28,2026-03-20,Ducati Desmosedici GP24 [2026],MotoGP,
522,Bike,Ducati Desmosedici GP24 [2025],33.08390375019666,1.1316973057005382,29.68881183309505,36,2025-11-14,,MotoGP,
523,Bike,Honda RC213V [2025],24.181984639337085,1.065479969196958,20.98554473174621,43,2025-11-14,,MotoGP,
524,Rider,Somkiat Chantra,23.89327004237627,1.7931672448327451,18.51376830787803,17,2025-11-14,Honda RC213V [2025],MotoGP,
525,Bike,Aprilia RS-GP25 [2025],28.10250415472218,1.0931550451362402,24.82303901931346,40,2025-11-14,,MotoGP,
526,Rider,Ai Ogura,30.096245972730696,1.4625187952554035,25.708689586964486,21,2026-03-20,Aprilia RS-GP26 [2026],MotoGP,
527,Rider,Nicolò Bulega,25.580147270945258,3.689941042679442,14.510324142906931,2,2025-11-14,Ducati Desmosedici GP25 [2025],MotoGP,
528,Bike,Aprilia RS-GP26 [2026],29.97606822648157,3.847125778584254,18.434690890728806,2,2026-03-20,,MotoGP,
529,Bike,Ducati Desmosedici GP26 [2026],28.699554004586517,3.8440046364633167,17.167540095196568,2,2026-03-20,,MotoGP,
530,Bike,Honda RC213V [2026],23.540978229536588,3.821855282926683,12.07541238075654,2,2026-03-20,,MotoGP,
531,Rider,Diogo Moreira,31.720220369829374,4.7428278900519025,17.491736699673666,1,2026-03-20,Honda RC213V [2026],MotoGP,
532,Bike,Ducati Desmosedici GP24 [2026],27.662474199698217,3.694578062384308,16.578740012545293,2,2026-03-20,,MotoGP,
533,Bike,Yamaha YZR-M1 [2026],23.06357846037808,3.950628427837579,11.21169317686534,2,2026-03-20,,MotoGP,
534,Bike,KTM RC16 [2026],18.70603115252612,3.7965004776169775,7.316529719675186,2,2026-03-20,,MotoGP,
535,Rider,Toprak Razgatlioglu,23.308229315717995,5.366391188537134,7.209055750106593,1,2026-03-20,Yamaha YZR-M1 [2026],MotoGP,
